2026-08-16 01:28:28.762 [info] [main] Log level: Info
2026-08-16 01:28:28.762 [info] [main] Validating found git in: "git"
2026-08-16 01:28:28.762 [info] [main] Using git "2.55.0" from "git"
2026-08-16 01:28:28.762 [info] [Model][doInitialScan] Initial repository scan started
2026-08-16 01:28:28.762 [info] > git rev-parse --show-toplevel [3ms]
2026-08-16 01:28:28.762 [info] fatal: not a git repository (or any of the parent directories): .git
2026-08-16 01:28:28.778 [info] > git rev-parse --show-toplevel [16ms]
2026-08-16 01:28:28.778 [info] fatal: not a git repository (or any of the parent directories): .git
2026-08-16 01:28:28.791 [info] > git rev-parse --show-toplevel [1ms]
2026-08-16 01:28:28.791 [info] fatal: not a git repository (or any of the parent directories): .git
2026-08-16 01:28:28.795 [info] > git rev-parse --show-toplevel [1ms]
2026-08-16 01:28:28.795 [info] fatal: not a git repository (or any of the parent directories): .git
2026-08-16 01:28:28.799 [info] > git rev-parse --show-toplevel [1ms]
2026-08-16 01:28:28.799 [info] fatal: not a git repository (or any of the parent directories): .git
2026-08-16 01:28:28.802 [info] > git rev-parse --show-toplevel [0ms]
2026-08-16 01:28:28.802 [info] fatal: not a git repository (or any of the parent directories): .git
2026-08-16 01:28:28.808 [info] > git rev-parse --show-toplevel [3ms]
2026-08-16 01:28:28.808 [info] fatal: not a git repository (or any of the parent directories): .git
2026-08-16 01:28:28.812 [info] > git rev-parse --show-toplevel [1ms]
2026-08-16 01:28:28.812 [info] fatal: not a git repository (or any of the parent directories): .git
2026-08-16 01:28:28.816 [info] > git rev-parse --show-toplevel [1ms]
2026-08-16 01:28:28.816 [info] fatal: not a git repository (or any of the parent directories): .git
2026-08-16 01:28:28.819 [info] > git rev-parse --show-toplevel [0ms]
2026-08-16 01:28:28.819 [info] fatal: not a git repository (or any of the parent directories): .git
2026-08-16 01:28:28.822 [info] > git rev-parse --show-toplevel [0ms]
2026-08-16 01:28:28.822 [info] fatal: not a git repository (or any of the parent directories): .git
2026-08-16 01:28:28.826 [info] > git rev-parse --show-toplevel [0ms]
2026-08-16 01:28:28.826 [info] fatal: not a git repository (or any of the parent directories): .git
2026-08-16 01:28:28.829 [info] > git rev-parse --show-toplevel [1ms]
2026-08-16 01:28:28.829 [info] fatal: not a git repository (or any of the parent directories): .git
2026-08-16 01:28:28.832 [info] > git rev-parse --show-toplevel [1ms]
2026-08-16 01:28:28.832 [info] fatal: not a git repository (or any of the parent directories): .git
2026-08-16 01:28:28.836 [info] > git rev-parse --show-toplevel [1ms]
2026-08-16 01:28:28.836 [info] fatal: not a git repository (or any of the parent directories): .git
2026-08-16 01:28:28.839 [info] > git rev-parse --show-toplevel [0ms]
2026-08-16 01:28:28.839 [info] fatal: not a git repository (or any of the parent directories): .git
2026-08-16 01:28:28.842 [info] > git rev-parse --show-toplevel [0ms]
2026-08-16 01:28:28.842 [info] fatal: not a git repository (or any of the parent directories): .git
2026-08-16 01:28:28.845 [info] > git rev-parse --show-toplevel [1ms]
2026-08-16 01:28:28.845 [info] fatal: not a git repository (or any of the parent directories): .git
2026-08-16 01:28:28.848 [info] > git rev-parse --show-toplevel [1ms]
2026-08-16 01:28:28.848 [info] fatal: not a git repository (or any of the parent directories): .git
2026-08-16 01:28:28.851 [info] > git rev-parse --show-toplevel [0ms]
2026-08-16 01:28:28.851 [info] fatal: not a git repository (or any of the parent directories): .git
2026-08-16 01:28:28.855 [info] > git rev-parse --show-toplevel [1ms]
2026-08-16 01:28:28.855 [info] fatal: not a git repository (or any of the parent directories): .git
2026-08-16 01:28:28.859 [info] > git rev-parse --show-toplevel [0ms]
2026-08-16 01:28:28.860 [info] fatal: not a git repository (or any of the parent directories): .git
2026-08-16 01:28:28.869 [info] > git rev-parse --show-toplevel [6ms]
2026-08-16 01:28:28.869 [info] fatal: not a git repository (or any of the parent directories): .git
2026-08-16 01:28:28.873 [info] > git rev-parse --show-toplevel [1ms]
2026-08-16 01:28:28.873 [info] fatal: not a git repository (or any of the parent directories): .git
2026-08-16 01:28:28.878 [info] > git rev-parse --show-toplevel [2ms]
2026-08-16 01:28:28.878 [info] fatal: not a git repository (or any of the parent directories): .git
2026-08-16 01:28:28.883 [info] > git rev-parse --show-toplevel [1ms]
2026-08-16 01:28:28.883 [info] fatal: not a git repository (or any of the parent directories): .git
2026-08-16 01:28:28.887 [info] > git rev-parse --show-toplevel [1ms]
2026-08-16 01:28:28.887 [info] fatal: not a git repository (or any of the parent directories): .git
2026-08-16 01:28:28.891 [info] > git rev-parse --show-toplevel [0ms]
2026-08-16 01:28:28.891 [info] fatal: not a git repository (or any of the parent directories): .git
2026-08-16 01:28:28.894 [info] > git rev-parse --show-toplevel [1ms]
2026-08-16 01:28:28.894 [info] fatal: not a git repository (or any of the parent directories): .git
2026-08-16 01:28:28.896 [info] [Model][doInitialScan] Initial repository scan completed - repositories (0), closed repositories (0), parent repositories (0), unsafe repositories (0)
2026-08-16 01:28:28.900 [info] > git rev-parse --show-toplevel [1ms]
2026-08-16 01:28:28.900 [info] fatal: not a git repository (or any of the parent directories): .git
2026-08-16 01:28:28.903 [info] > git rev-parse --show-toplevel [0ms]
2026-08-16 01:28:28.903 [info] fatal: not a git repository (or any of the parent directories): .git
2026-08-16 01:28:28.907 [info] > git rev-parse --show-toplevel [1ms]
2026-08-16 01:28:28.907 [info] fatal: not a git repository (or any of the parent directories): .git
2026-08-16 01:28:29.012 [info] > git rev-parse --show-toplevel [3ms]
2026-08-16 01:28:29.012 [info] fatal: not a git repository (or any of the parent directories): .git
2026-08-16 01:28:29.016 [info] > git rev-parse --show-toplevel [1ms]
2026-08-16 01:28:29.016 [info] fatal: not a git repository (or any of the parent directories): .git
2026-08-16 01:28:29.106 [info] > git rev-parse --show-toplevel [1ms]
2026-08-16 01:28:29.106 [info] fatal: not a git repository (or any of the parent directories): .git
2026-08-16 01:28:29.240 [info] > git rev-parse --show-toplevel [1ms]
2026-08-16 01:28:29.240 [info] fatal: not a git repository (or any of the parent directories): .git
2026-08-16 01:28:30.316 [info] > git rev-parse --show-toplevel [1ms]
2026-08-16 01:28:30.316 [info] fatal: not a git repository (or any of the parent directories): .git
2026-08-16 01:28:30.348 [info] > git rev-parse --show-toplevel [1ms]
2026-08-16 01:28:30.348 [info] fatal: not a git repository (or any of the parent directories): .git
2026-08-16 01:28:44.677 [info] > git init -b main [16ms]
2026-08-16 01:28:44.680 [info] > git rev-parse --show-toplevel [1ms]
2026-08-16 01:28:44.685 [info] > git rev-parse --git-dir --git-common-dir --show-superproject-working-tree [2ms]
2026-08-16 01:28:44.691 [info] [Model][openRepository] Opened repository (path): /home/HoaHung/.config
2026-08-16 01:28:44.691 [info] [Model][openRepository] Opened repository (real path): /home/HoaHung/.config
2026-08-16 01:28:44.691 [info] [Model][openRepository] Opened repository (kind): repository
2026-08-16 01:28:44.699 [info] > git config --get commit.template [1ms]
2026-08-16 01:28:44.699 [info] > git config --get --local core.virtualfilesystem [4ms]
2026-08-16 01:28:44.699 [warning] [Git][config] git config failed: Failed to execute git
2026-08-16 01:28:44.702 [info] [Git][getRemotes] No remotes found in the git config file
2026-08-16 01:28:44.703 [info] > git for-each-ref --format=%(refname)%00%(upstream:short)%00%(objectname)%00%(upstream:track)%00%(upstream:remotename)%00%(upstream:remoteref) refs/heads/main refs/remotes/main [1ms]
2026-08-16 01:28:44.703 [warning] [Git][getBranch] No such branch: main
2026-08-16 01:28:44.711 [info] > git for-each-ref --sort -committerdate --format %(refname)%00%(objectname)%00%(*objectname) [1ms]
2026-08-16 01:28:44.717 [info] > git status -z -uall [10ms]
2026-08-16 01:28:44.750 [info] > git for-each-ref --format=%(refname)%00%(upstream:short)%00%(objectname)%00%(upstream:track)%00%(upstream:remotename)%00%(upstream:remoteref) refs/heads/main refs/remotes/main [4ms]
2026-08-16 01:28:44.750 [warning] [Git][getBranch] No such branch: main
2026-08-16 01:28:44.751 [error] [GitHistoryProvider][resolveHEADMergeBase] Failed to resolve merge base for main: Error: No such branch: main.
2026-08-16 01:28:44.752 [info] > git config --get commit.template [2ms]
2026-08-16 01:28:44.757 [info] [Git][getRemotes] No remotes found in the git config file
2026-08-16 01:28:44.758 [info] > git for-each-ref --format=%(refname)%00%(upstream:short)%00%(objectname)%00%(upstream:track)%00%(upstream:remotename)%00%(upstream:remoteref) refs/heads/main refs/remotes/main [1ms]
2026-08-16 01:28:44.758 [warning] [Git][getBranch] No such branch: main
2026-08-16 01:28:44.767 [info] > git for-each-ref --sort -committerdate --format %(refname)%00%(objectname)%00%(*objectname) [2ms]
2026-08-16 01:28:44.781 [info] > git status -z -uall [20ms]
2026-08-16 01:28:44.781 [info] > git log --format=%H%n%aN%n%aE%n%at%n%ct%n%P%n%D%n%B -z --shortstat --diff-merges=first-parent -n50 --skip=0 --topo-order --decorate=full --stdin [7ms]
2026-08-16 01:28:44.781 [info] fatal: bad revision 'refs/heads/main'
2026-08-16 01:28:44.781 [error] [GitHistoryProvider][provideHistoryItems] Failed to get history items with options '{"historyItemRefs":["refs/heads/main"],"limit":50,"skip":0}': Failed to execute git {
  "exitCode": 128,
  "gitCommand": "log",
  "stdout": "",
  "stderr": "fatal: bad revision 'refs/heads/main'\n"
}
2026-08-16 01:28:45.472 [info] > git check-ignore -v -z --stdin [1ms]
2026-08-16 01:28:47.109 [info] [Git][getRemotes] No remotes found in the git config file
2026-08-16 01:28:47.109 [info] > git config --get commit.template [3ms]
2026-08-16 01:28:47.110 [info] > git for-each-ref --format=%(refname)%00%(upstream:short)%00%(objectname)%00%(upstream:track)%00%(upstream:remotename)%00%(upstream:remoteref) refs/heads/main refs/remotes/main [1ms]
2026-08-16 01:28:47.110 [warning] [Git][getBranch] No such branch: main
2026-08-16 01:28:47.115 [info] > git for-each-ref --sort -committerdate --format %(refname)%00%(objectname)%00%(*objectname) [0ms]
2026-08-16 01:28:47.117 [info] > git status -z -uall [5ms]
2026-08-16 01:28:47.185 [info] > git check-ignore -v -z --stdin [1ms]
2026-08-16 01:28:51.543 [info] > git check-ignore -v -z --stdin [1ms]
2026-08-16 01:28:52.142 [info] [Git][getRemotes] No remotes found in the git config file
2026-08-16 01:28:52.142 [info] > git config --get commit.template [3ms]
2026-08-16 01:28:52.142 [info] > git for-each-ref --format=%(refname)%00%(upstream:short)%00%(objectname)%00%(upstream:track)%00%(upstream:remotename)%00%(upstream:remoteref) refs/heads/main refs/remotes/main [1ms]
2026-08-16 01:28:52.142 [warning] [Git][getBranch] No such branch: main
2026-08-16 01:28:52.148 [info] > git for-each-ref --sort -committerdate --format %(refname)%00%(objectname)%00%(*objectname) [0ms]
2026-08-16 01:28:52.150 [info] > git status -z -uall [5ms]
2026-08-16 01:29:07.440 [info] > git add -A -- . [3073ms]
2026-08-16 01:29:07.461 [info] > git -c user.useConfigOnly=true commit --quiet [17ms]
2026-08-16 01:29:07.461 [info] Author identity unknown

*** Please tell me who you are.

Run

  git config --global user.email "you@example.com"
  git config --global user.name "Your Name"

to set your account's default identity.
Omit --global to set the identity only in this repository.

fatal: no email was given and auto-detection is disabled
2026-08-16 01:29:07.465 [info] > git config --get-all user.name [1ms]
2026-08-16 01:29:07.471 [info] [Git][getRemotes] No remotes found in the git config file
2026-08-16 01:29:07.471 [info] > git config --get commit.template [3ms]
2026-08-16 01:29:07.471 [info] > git for-each-ref --format=%(refname)%00%(upstream:short)%00%(objectname)%00%(upstream:track)%00%(upstream:remotename)%00%(upstream:remoteref) refs/heads/main refs/remotes/main [0ms]
2026-08-16 01:29:07.471 [warning] [Git][getBranch] No such branch: main
2026-08-16 01:29:07.476 [info] > git for-each-ref --sort -committerdate --format %(refname)%00%(objectname)%00%(*objectname) [0ms]
2026-08-16 01:29:07.480 [info] > git status -z -uall [6ms]
2026-08-16 01:29:07.501 [info] > git config --get commit.template [0ms]
2026-08-16 01:29:07.501 [info] [Git][getRemotes] No remotes found in the git config file
2026-08-16 01:29:07.504 [info] > git for-each-ref --format=%(refname)%00%(upstream:short)%00%(objectname)%00%(upstream:track)%00%(upstream:remotename)%00%(upstream:remoteref) refs/heads/main refs/remotes/main [0ms]
2026-08-16 01:29:07.504 [warning] [Git][getBranch] No such branch: main
2026-08-16 01:29:07.510 [info] > git for-each-ref --sort -committerdate --format %(refname)%00%(objectname)%00%(*objectname) [1ms]
2026-08-16 01:29:07.514 [info] > git status -z -uall [7ms]
2026-08-16 01:29:07.938 [info] > git check-ignore -v -z --stdin [13ms]
2026-08-16 01:29:07.938 [info] > git check-ignore -v -z --stdin [5ms]
2026-08-16 01:29:07.961 [info] > git show --textconv :hypr/hyprland.lua [18ms]
2026-08-16 01:29:07.961 [info] > git show --textconv HEAD:hypr/hyprland.lua [16ms]
2026-08-16 01:29:07.961 [info] > git show --textconv :waybar/style.css [8ms]
2026-08-16 01:29:07.961 [info] > git show --textconv HEAD:waybar/style.css [5ms]
2026-08-16 01:29:07.961 [info] > git ls-files --stage -- waybar/style.css [3ms]
2026-08-16 01:29:07.967 [info] > git ls-tree -l HEAD -- hypr/hyprland.lua [16ms]
2026-08-16 01:29:07.967 [info] fatal: Not a valid object name HEAD
2026-08-16 01:29:07.969 [info] > git ls-files --stage -- hypr/hyprland.lua [21ms]
2026-08-16 01:29:07.975 [info] > git ls-tree -l HEAD -- waybar/style.css [15ms]
2026-08-16 01:29:07.975 [info] fatal: Not a valid object name HEAD
2026-08-16 01:29:07.977 [info] > git cat-file -s 86588f74d0bb4bb4310c7869696bb820cff7093a [6ms]
2026-08-16 01:29:07.978 [info] > git hash-object -t tree /dev/null [9ms]
2026-08-16 01:29:07.978 [warning] [GitFileSystemProvider][stat] File not found - git:/home/HoaHung/.config/hypr/hyprland.lua.git?%7B%22path%22%3A%22%2Fhome%2FHoaHung%2F.config%2Fhypr%2Fhyprland.lua%22%2C%22ref%22%3A%22HEAD%22%7D
2026-08-16 01:29:07.978 [info] > git hash-object -t tree /dev/null [11ms]
2026-08-16 01:29:07.978 [warning] [GitFileSystemProvider][readFile] File not found - git:/home/HoaHung/.config/waybar/style.css.git?%7B%22path%22%3A%22%2Fhome%2FHoaHung%2F.config%2Fwaybar%2Fstyle.css%22%2C%22ref%22%3A%22HEAD%22%7D
2026-08-16 01:29:07.978 [info] > git cat-file -s 4e421d7e43c43fdd4b4e90b3da5fa96807c903d0 [14ms]
2026-08-16 01:29:07.978 [info] > git hash-object -t tree /dev/null [4ms]
2026-08-16 01:29:07.978 [warning] [GitFileSystemProvider][readFile] File not found - git:/home/HoaHung/.config/hypr/hyprland.lua.git?%7B%22path%22%3A%22%2Fhome%2FHoaHung%2F.config%2Fhypr%2Fhyprland.lua%22%2C%22ref%22%3A%22HEAD%22%7D
2026-08-16 01:29:07.978 [info] > git hash-object -t tree /dev/null [1ms]
2026-08-16 01:29:07.978 [warning] [GitFileSystemProvider][stat] File not found - git:/home/HoaHung/.config/waybar/style.css.git?%7B%22path%22%3A%22%2Fhome%2FHoaHung%2F.config%2Fwaybar%2Fstyle.css%22%2C%22ref%22%3A%22HEAD%22%7D
2026-08-16 01:29:08.823 [info] > git ls-files --stage -- hypr/hyprland.lua [3ms]
2026-08-16 01:29:08.825 [info] > git ls-files --stage -- waybar/style.css [3ms]
2026-08-16 01:29:08.828 [info] > git cat-file -s 86588f74d0bb4bb4310c7869696bb820cff7093a [3ms]
2026-08-16 01:29:08.828 [info] > git cat-file -s 4e421d7e43c43fdd4b4e90b3da5fa96807c903d0 [0ms]
2026-08-16 01:29:08.835 [info] > git show --textconv :hypr/hyprland.lua [3ms]
2026-08-16 01:29:08.836 [info] > git show --textconv :waybar/style.css [1ms]
2026-08-16 01:29:12.537 [info] [Git][getRemotes] No remotes found in the git config file
2026-08-16 01:29:12.538 [info] > git config --get commit.template [3ms]
2026-08-16 01:29:12.538 [info] > git for-each-ref --format=%(refname)%00%(upstream:short)%00%(objectname)%00%(upstream:track)%00%(upstream:remotename)%00%(upstream:remoteref) refs/heads/main refs/remotes/main [1ms]
2026-08-16 01:29:12.538 [warning] [Git][getBranch] No such branch: main
2026-08-16 01:29:12.544 [info] > git for-each-ref --sort -committerdate --format %(refname)%00%(objectname)%00%(*objectname) [1ms]
2026-08-16 01:29:12.547 [info] > git status -z -uall [7ms]
2026-08-16 01:29:12.991 [info] > git check-ignore -v -z --stdin [16ms]
2026-08-16 01:29:12.991 [info] > git check-ignore -v -z --stdin [7ms]
2026-08-16 01:29:17.571 [info] [Git][getRemotes] No remotes found in the git config file
2026-08-16 01:29:17.571 [info] > git config --get commit.template [3ms]
2026-08-16 01:29:17.571 [info] > git for-each-ref --format=%(refname)%00%(upstream:short)%00%(objectname)%00%(upstream:track)%00%(upstream:remotename)%00%(upstream:remoteref) refs/heads/main refs/remotes/main [0ms]
2026-08-16 01:29:17.572 [warning] [Git][getBranch] No such branch: main
2026-08-16 01:29:17.578 [info] > git for-each-ref --sort -committerdate --format %(refname)%00%(objectname)%00%(*objectname) [1ms]
2026-08-16 01:29:17.591 [info] > git status -z -uall [17ms]
2026-08-16 01:29:18.148 [info] > git check-ignore -v -z --stdin [12ms]
2026-08-16 01:29:18.148 [info] > git check-ignore -v -z --stdin [5ms]
2026-08-16 01:29:32.631 [info] [Git][getRemotes] No remotes found in the git config file
2026-08-16 01:29:32.632 [info] > git config --get commit.template [4ms]
2026-08-16 01:29:32.632 [info] > git for-each-ref --format=%(refname)%00%(upstream:short)%00%(objectname)%00%(upstream:track)%00%(upstream:remotename)%00%(upstream:remoteref) refs/heads/main refs/remotes/main [1ms]
2026-08-16 01:29:32.632 [warning] [Git][getBranch] No such branch: main
2026-08-16 01:29:32.639 [info] > git for-each-ref --sort -committerdate --format %(refname)%00%(objectname)%00%(*objectname) [0ms]
2026-08-16 01:29:32.684 [info] > git status -z -uall [49ms]
2026-08-16 01:29:33.143 [info] > git check-ignore -v -z --stdin [14ms]
2026-08-16 01:29:33.143 [info] > git check-ignore -v -z --stdin [4ms]
2026-08-16 01:30:46.153 [info] [Git][getRemotes] No remotes found in the git config file
2026-08-16 01:30:46.154 [info] > git for-each-ref --format=%(refname)%00%(upstream:short)%00%(objectname)%00%(upstream:track)%00%(upstream:remotename)%00%(upstream:remoteref) refs/heads/main refs/remotes/main [1ms]
2026-08-16 01:30:46.154 [warning] [Git][getBranch] No such branch: main
2026-08-16 01:30:46.154 [info] > git config --get commit.template [5ms]
2026-08-16 01:30:46.162 [info] > git for-each-ref --sort -committerdate --format %(refname)%00%(objectname)%00%(*objectname) [1ms]
2026-08-16 01:30:46.206 [info] > git status -z -uall [49ms]
2026-08-16 01:30:46.684 [info] > git check-ignore -v -z --stdin [12ms]
2026-08-16 01:30:46.684 [info] > git check-ignore -v -z --stdin [5ms]
2026-08-16 01:30:48.728 [info] > git -c user.useConfigOnly=true commit --quiet [52ms]
2026-08-16 01:30:48.728 [info] Author identity unknown

*** Please tell me who you are.

Run

  git config --global user.email "you@example.com"
  git config --global user.name "Your Name"

to set your account's default identity.
Omit --global to set the identity only in this repository.

fatal: no email was given and auto-detection is disabled
2026-08-16 01:30:48.732 [info] > git config --get-all user.name [1ms]
2026-08-16 01:30:48.738 [info] [Git][getRemotes] No remotes found in the git config file
2026-08-16 01:30:48.738 [info] > git config --get commit.template [3ms]
2026-08-16 01:30:48.738 [info] > git for-each-ref --format=%(refname)%00%(upstream:short)%00%(objectname)%00%(upstream:track)%00%(upstream:remotename)%00%(upstream:remoteref) refs/heads/main refs/remotes/main [1ms]
2026-08-16 01:30:48.738 [warning] [Git][getBranch] No such branch: main
2026-08-16 01:30:48.745 [info] > git for-each-ref --sort -committerdate --format %(refname)%00%(objectname)%00%(*objectname) [1ms]
2026-08-16 01:30:48.791 [info] > git status -z -uall [50ms]
2026-08-16 01:30:49.233 [info] > git check-ignore -v -z --stdin [12ms]
2026-08-16 01:30:49.233 [info] > git check-ignore -v -z --stdin [5ms]
2026-08-16 01:30:50.118 [info] > git ls-files --stage -- hypr/hyprland.lua [3ms]
2026-08-16 01:30:50.121 [info] > git ls-files --stage -- waybar/style.css [4ms]
2026-08-16 01:30:50.124 [info] > git cat-file -s 86588f74d0bb4bb4310c7869696bb820cff7093a [4ms]
2026-08-16 01:30:50.124 [info] > git cat-file -s 4e421d7e43c43fdd4b4e90b3da5fa96807c903d0 [1ms]
2026-08-16 01:30:50.130 [info] > git show --textconv :hypr/hyprland.lua [4ms]
2026-08-16 01:30:50.131 [info] > git show --textconv :waybar/style.css [2ms]
2026-08-16 01:30:51.231 [info] [Git][getRemotes] No remotes found in the git config file
2026-08-16 01:30:51.232 [info] > git config --get commit.template [4ms]
2026-08-16 01:30:51.232 [info] > git for-each-ref --format=%(refname)%00%(upstream:short)%00%(objectname)%00%(upstream:track)%00%(upstream:remotename)%00%(upstream:remoteref) refs/heads/main refs/remotes/main [1ms]
2026-08-16 01:30:51.232 [warning] [Git][getBranch] No such branch: main
2026-08-16 01:30:51.238 [info] > git for-each-ref --sort -committerdate --format %(refname)%00%(objectname)%00%(*objectname) [1ms]
2026-08-16 01:30:51.288 [info] > git status -z -uall [53ms]
2026-08-16 01:30:51.732 [info] > git check-ignore -v -z --stdin [12ms]
2026-08-16 01:30:51.732 [info] > git check-ignore -v -z --stdin [10ms]
2026-08-16 01:30:57.460 [info] > git config --get commit.template [0ms]
2026-08-16 01:30:57.464 [info] [Git][getRemotes] No remotes found in the git config file
2026-08-16 01:30:57.465 [info] > git for-each-ref --format=%(refname)%00%(upstream:short)%00%(objectname)%00%(upstream:track)%00%(upstream:remotename)%00%(upstream:remoteref) refs/heads/main refs/remotes/main [1ms]
2026-08-16 01:30:57.465 [warning] [Git][getBranch] No such branch: main
2026-08-16 01:30:57.473 [info] > git for-each-ref --sort -committerdate --format %(refname)%00%(objectname)%00%(*objectname) [1ms]
2026-08-16 01:30:57.517 [info] > git status -z -uall [49ms]
2026-08-16 01:30:57.969 [info] > git check-ignore -v -z --stdin [12ms]
2026-08-16 01:30:57.969 [info] > git check-ignore -v -z --stdin [4ms]
2026-08-16 01:30:59.495 [info] > git check-ignore -v -z --stdin [2ms]
2026-08-16 01:31:02.544 [info] [Git][getRemotes] No remotes found in the git config file
2026-08-16 01:31:02.545 [info] > git config --get commit.template [4ms]
2026-08-16 01:31:02.545 [info] > git for-each-ref --format=%(refname)%00%(upstream:short)%00%(objectname)%00%(upstream:track)%00%(upstream:remotename)%00%(upstream:remoteref) refs/heads/main refs/remotes/main [1ms]
2026-08-16 01:31:02.545 [warning] [Git][getBranch] No such branch: main
2026-08-16 01:31:02.552 [info] > git for-each-ref --sort -committerdate --format %(refname)%00%(objectname)%00%(*objectname) [0ms]
2026-08-16 01:31:02.598 [info] > git status -z -uall [49ms]
2026-08-16 01:31:03.043 [info] > git check-ignore -v -z --stdin [12ms]
2026-08-16 01:31:03.043 [info] > git check-ignore -v -z --stdin [5ms]
2026-08-16 01:31:21.197 [info] > git config --get commit.template [1ms]
2026-08-16 01:31:21.202 [info] [Git][getRemotes] No remotes found in the git config file
2026-08-16 01:31:21.202 [info] > git for-each-ref --format=%(refname)%00%(upstream:short)%00%(objectname)%00%(upstream:track)%00%(upstream:remotename)%00%(upstream:remoteref) refs/heads/main refs/remotes/main [0ms]
2026-08-16 01:31:21.203 [warning] [Git][getBranch] No such branch: main
2026-08-16 01:31:21.212 [info] > git for-each-ref --sort -committerdate --format %(refname)%00%(objectname)%00%(*objectname) [1ms]
2026-08-16 01:31:21.260 [info] > git status -z -uall [54ms]
2026-08-16 01:31:21.735 [info] > git check-ignore -v -z --stdin [20ms]
2026-08-16 01:31:21.736 [info] > git check-ignore -v -z --stdin [9ms]
2026-08-16 01:31:28.546 [info] [Git][getRemotes] No remotes found in the git config file
2026-08-16 01:31:28.547 [info] > git config --get commit.template [6ms]
2026-08-16 01:31:28.547 [info] > git for-each-ref --format=%(refname)%00%(upstream:short)%00%(objectname)%00%(upstream:track)%00%(upstream:remotename)%00%(upstream:remoteref) refs/heads/main refs/remotes/main [1ms]
2026-08-16 01:31:28.547 [warning] [Git][getBranch] No such branch: main
2026-08-16 01:31:28.560 [info] > git for-each-ref --sort -committerdate --format %(refname)%00%(objectname)%00%(*objectname) [1ms]
2026-08-16 01:31:28.608 [info] > git status -z -uall [55ms]
2026-08-16 01:31:29.073 [info] > git check-ignore -v -z --stdin [13ms]
2026-08-16 01:31:29.073 [info] > git check-ignore -v -z --stdin [4ms]
2026-08-16 01:31:33.340 [info] > git log --format=%H%n%aN%n%aE%n%at%n%ct%n%P%n%D%n%B -z --shortstat --diff-merges=first-parent -n50 --skip=0 --topo-order --decorate=full --stdin [0ms]
2026-08-16 01:31:33.340 [info] fatal: bad revision 'refs/heads/main'
2026-08-16 01:31:33.341 [error] [GitHistoryProvider][provideHistoryItems] Failed to get history items with options '{"historyItemRefs":["refs/heads/main"],"limit":50,"skip":0}': Failed to execute git {
  "exitCode": 128,
  "gitCommand": "log",
  "stdout": "",
  "stderr": "fatal: bad revision 'refs/heads/main'\n"
}
2026-08-16 01:31:33.635 [info] [Git][getRemotes] No remotes found in the git config file
2026-08-16 01:31:33.636 [info] > git config --get commit.template [7ms]
2026-08-16 01:31:33.636 [info] > git for-each-ref --format=%(refname)%00%(upstream:short)%00%(objectname)%00%(upstream:track)%00%(upstream:remotename)%00%(upstream:remoteref) refs/heads/main refs/remotes/main [1ms]
2026-08-16 01:31:33.636 [warning] [Git][getBranch] No such branch: main
2026-08-16 01:31:33.646 [info] > git for-each-ref --sort -committerdate --format %(refname)%00%(objectname)%00%(*objectname) [1ms]
2026-08-16 01:31:33.692 [info] > git status -z -uall [51ms]
2026-08-16 01:31:33.929 [info] > git check-ignore -v -z --stdin [1ms]
2026-08-16 01:31:34.145 [info] > git check-ignore -v -z --stdin [14ms]
2026-08-16 01:31:34.145 [info] > git check-ignore -v -z --stdin [5ms]
2026-08-16 01:31:37.338 [info] > git -c user.useConfigOnly=true commit --quiet [49ms]
2026-08-16 01:31:37.338 [info] Author identity unknown

*** Please tell me who you are.

Run

  git config --global user.email "you@example.com"
  git config --global user.name "Your Name"

to set your account's default identity.
Omit --global to set the identity only in this repository.

fatal: no email was given and auto-detection is disabled
2026-08-16 01:31:37.344 [info] > git config --get-all user.name [1ms]
2026-08-16 01:31:37.350 [info] [Git][getRemotes] No remotes found in the git config file
2026-08-16 01:31:37.355 [info] > git for-each-ref --format=%(refname)%00%(upstream:short)%00%(objectname)%00%(upstream:track)%00%(upstream:remotename)%00%(upstream:remoteref) refs/heads/main refs/remotes/main [1ms]
2026-08-16 01:31:37.355 [warning] [Git][getBranch] No such branch: main
2026-08-16 01:31:37.355 [info] > git config --get commit.template [6ms]
2026-08-16 01:31:37.365 [info] > git for-each-ref --sort -committerdate --format %(refname)%00%(objectname)%00%(*objectname) [1ms]
2026-08-16 01:31:37.411 [info] > git status -z -uall [51ms]
2026-08-16 01:31:37.862 [info] > git check-ignore -v -z --stdin [12ms]
2026-08-16 01:31:37.862 [info] > git check-ignore -v -z --stdin [5ms]
2026-08-16 01:31:39.835 [info] > git config --get commit.template [1ms]
2026-08-16 01:31:39.840 [info] [Git][getRemotes] No remotes found in the git config file
2026-08-16 01:31:39.851 [info] > git for-each-ref --format=%(refname)%00%(upstream:short)%00%(objectname)%00%(upstream:track)%00%(upstream:remotename)%00%(upstream:remoteref) refs/heads/main refs/remotes/main [11ms]
2026-08-16 01:31:39.851 [warning] [Git][getBranch] No such branch: main
2026-08-16 01:31:39.861 [info] > git for-each-ref --sort -committerdate --format %(refname)%00%(objectname)%00%(*objectname) [1ms]
2026-08-16 01:31:39.861 [info] > git ls-files --stage -- hypr/hyprland.lua [15ms]
2026-08-16 01:31:39.866 [info] > git ls-files --stage -- waybar/style.css [16ms]
2026-08-16 01:31:39.871 [info] > git cat-file -s 4e421d7e43c43fdd4b4e90b3da5fa96807c903d0 [1ms]
2026-08-16 01:31:39.871 [info] > git cat-file -s 86588f74d0bb4bb4310c7869696bb820cff7093a [5ms]
2026-08-16 01:31:39.881 [info] > git show --textconv :waybar/style.css [5ms]
2026-08-16 01:31:39.883 [info] > git show --textconv :hypr/hyprland.lua [2ms]
2026-08-16 01:31:39.908 [info] > git status -z -uall [53ms]
2026-08-16 01:31:40.359 [info] > git check-ignore -v -z --stdin [13ms]
2026-08-16 01:31:40.360 [info] > git check-ignore -v -z --stdin [5ms]
2026-08-16 01:31:44.930 [info] [Git][getRemotes] No remotes found in the git config file
2026-08-16 01:31:44.930 [info] > git for-each-ref --format=%(refname)%00%(upstream:short)%00%(objectname)%00%(upstream:track)%00%(upstream:remotename)%00%(upstream:remoteref) refs/heads/main refs/remotes/main [0ms]
2026-08-16 01:31:44.930 [warning] [Git][getBranch] No such branch: main
2026-08-16 01:31:44.930 [info] > git config --get commit.template [5ms]
2026-08-16 01:31:44.940 [info] > git for-each-ref --sort -committerdate --format %(refname)%00%(objectname)%00%(*objectname) [1ms]
2026-08-16 01:31:44.985 [info] > git status -z -uall [50ms]
2026-08-16 01:31:45.432 [info] > git check-ignore -v -z --stdin [14ms]
2026-08-16 01:31:45.433 [info] > git check-ignore -v -z --stdin [5ms]
2026-08-16 01:31:50.006 [info] [Git][getRemotes] No remotes found in the git config file
2026-08-16 01:31:50.006 [info] > git config --get commit.template [4ms]
2026-08-16 01:31:50.006 [info] > git for-each-ref --format=%(refname)%00%(upstream:short)%00%(objectname)%00%(upstream:track)%00%(upstream:remotename)%00%(upstream:remoteref) refs/heads/main refs/remotes/main [0ms]
2026-08-16 01:31:50.007 [warning] [Git][getBranch] No such branch: main
2026-08-16 01:31:50.017 [info] > git for-each-ref --sort -committerdate --format %(refname)%00%(objectname)%00%(*objectname) [1ms]
2026-08-16 01:31:50.066 [info] > git status -z -uall [55ms]
2026-08-16 01:31:50.513 [info] > git check-ignore -v -z --stdin [12ms]
2026-08-16 01:31:50.513 [info] > git check-ignore -v -z --stdin [4ms]
2026-08-16 01:31:57.484 [info] [Git][getRemotes] No remotes found in the git config file
2026-08-16 01:31:57.491 [info] > git config --get commit.template [6ms]
2026-08-16 01:31:57.491 [info] > git for-each-ref --format=%(refname)%00%(upstream:short)%00%(objectname)%00%(upstream:track)%00%(upstream:remotename)%00%(upstream:remoteref) refs/heads/main refs/remotes/main [1ms]
2026-08-16 01:31:57.491 [warning] [Git][getBranch] No such branch: main
2026-08-16 01:31:57.502 [info] > git for-each-ref --sort -committerdate --format %(refname)%00%(objectname)%00%(*objectname) [0ms]
2026-08-16 01:31:57.549 [info] > git status -z -uall [53ms]
2026-08-16 01:31:57.995 [info] > git check-ignore -v -z --stdin [12ms]
2026-08-16 01:31:57.995 [info] > git check-ignore -v -z --stdin [8ms]
2026-08-16 01:32:08.498 [info] [Git][getRemotes] No remotes found in the git config file
2026-08-16 01:32:08.498 [info] > git config --get commit.template [6ms]
2026-08-16 01:32:08.499 [info] > git for-each-ref --format=%(refname)%00%(upstream:short)%00%(objectname)%00%(upstream:track)%00%(upstream:remotename)%00%(upstream:remoteref) refs/heads/main refs/remotes/main [1ms]
2026-08-16 01:32:08.499 [warning] [Git][getBranch] No such branch: main
2026-08-16 01:32:08.510 [info] > git for-each-ref --sort -committerdate --format %(refname)%00%(objectname)%00%(*objectname) [1ms]
2026-08-16 01:32:08.559 [info] > git status -z -uall [55ms]
2026-08-16 01:32:09.013 [info] > git check-ignore -v -z --stdin [15ms]
2026-08-16 01:32:09.013 [info] > git check-ignore -v -z --stdin [5ms]
2026-08-16 01:32:13.581 [info] [Git][getRemotes] No remotes found in the git config file
2026-08-16 01:32:13.582 [info] > git config --get commit.template [6ms]
2026-08-16 01:32:13.582 [info] > git for-each-ref --format=%(refname)%00%(upstream:short)%00%(objectname)%00%(upstream:track)%00%(upstream:remotename)%00%(upstream:remoteref) refs/heads/main refs/remotes/main [1ms]
2026-08-16 01:32:13.582 [warning] [Git][getBranch] No such branch: main
2026-08-16 01:32:13.592 [info] > git for-each-ref --sort -committerdate --format %(refname)%00%(objectname)%00%(*objectname) [1ms]
2026-08-16 01:32:13.639 [info] > git status -z -uall [52ms]
2026-08-16 01:32:14.094 [info] > git check-ignore -v -z --stdin [16ms]
2026-08-16 01:32:14.094 [info] > git check-ignore -v -z --stdin [5ms]
2026-08-16 01:32:15.954 [info] > git log --format=%H%n%aN%n%aE%n%at%n%ct%n%P%n%D%n%B -z --shortstat --diff-merges=first-parent -n50 --skip=0 --topo-order --decorate=full --stdin [1ms]
2026-08-16 01:32:15.954 [info] fatal: bad revision 'refs/heads/main'
2026-08-16 01:32:15.954 [error] [GitHistoryProvider][provideHistoryItems] Failed to get history items with options '{"historyItemRefs":["refs/heads/main"],"limit":50,"skip":0}': Failed to execute git {
  "exitCode": 128,
  "gitCommand": "log",
  "stdout": "",
  "stderr": "fatal: bad revision 'refs/heads/main'\n"
}
2026-08-16 01:32:18.890 [info] > git check-ignore -v -z --stdin [2ms]
2026-08-16 01:32:19.711 [info] [Git][getRemotes] No remotes found in the git config file
2026-08-16 01:32:19.712 [info] > git config --get commit.template [5ms]
2026-08-16 01:32:19.712 [info] > git for-each-ref --format=%(refname)%00%(upstream:short)%00%(objectname)%00%(upstream:track)%00%(upstream:remotename)%00%(upstream:remoteref) refs/heads/main refs/remotes/main [1ms]
2026-08-16 01:32:19.712 [warning] [Git][getBranch] No such branch: main
2026-08-16 01:32:19.721 [info] > git for-each-ref --sort -committerdate --format %(refname)%00%(objectname)%00%(*objectname) [0ms]
2026-08-16 01:32:19.769 [info] > git status -z -uall [53ms]
2026-08-16 01:32:20.214 [info] > git check-ignore -v -z --stdin [14ms]
2026-08-16 01:32:20.214 [info] > git check-ignore -v -z --stdin [5ms]
2026-08-16 01:32:20.841 [info] > git check-ignore -v -z --stdin [1ms]
2026-08-16 01:32:23.559 [info] > git check-ignore -v -z --stdin [1ms]
2026-08-16 01:32:24.795 [info] [Git][getRemotes] No remotes found in the git config file
2026-08-16 01:32:24.796 [info] > git config --get commit.template [5ms]
2026-08-16 01:32:24.796 [info] > git for-each-ref --format=%(refname)%00%(upstream:short)%00%(objectname)%00%(upstream:track)%00%(upstream:remotename)%00%(upstream:remoteref) refs/heads/main refs/remotes/main [1ms]
2026-08-16 01:32:24.796 [warning] [Git][getBranch] No such branch: main
2026-08-16 01:32:24.805 [info] > git for-each-ref --sort -committerdate --format %(refname)%00%(objectname)%00%(*objectname) [1ms]
2026-08-16 01:32:24.859 [info] > git status -z -uall [59ms]
2026-08-16 01:32:25.248 [info] > git -c user.useConfigOnly=true commit --quiet [50ms]
2026-08-16 01:32:25.248 [info] Author identity unknown

*** Please tell me who you are.

Run

  git config --global user.email "you@example.com"
  git config --global user.name "Your Name"

to set your account's default identity.
Omit --global to set the identity only in this repository.

fatal: no email was given and auto-detection is disabled
2026-08-16 01:32:25.254 [info] > git config --get-all user.name [1ms]
2026-08-16 01:32:25.263 [info] [Git][getRemotes] No remotes found in the git config file
2026-08-16 01:32:25.264 [info] > git for-each-ref --format=%(refname)%00%(upstream:short)%00%(objectname)%00%(upstream:track)%00%(upstream:remotename)%00%(upstream:remoteref) refs/heads/main refs/remotes/main [1ms]
2026-08-16 01:32:25.264 [warning] [Git][getBranch] No such branch: main
2026-08-16 01:32:25.264 [info] > git config --get commit.template [6ms]
2026-08-16 01:32:25.274 [info] > git for-each-ref --sort -committerdate --format %(refname)%00%(objectname)%00%(*objectname) [0ms]
2026-08-16 01:32:25.301 [info] > git check-ignore -v -z --stdin [14ms]
2026-08-16 01:32:25.301 [info] > git check-ignore -v -z --stdin [5ms]
2026-08-16 01:32:25.325 [info] > git status -z -uall [56ms]
2026-08-16 01:32:25.765 [info] > git check-ignore -v -z --stdin [13ms]
2026-08-16 01:32:25.765 [info] > git check-ignore -v -z --stdin [8ms]
2026-08-16 01:32:29.888 [info] > git config --get commit.template [9ms]
2026-08-16 01:32:29.894 [info] [Git][getRemotes] No remotes found in the git config file
2026-08-16 01:32:29.894 [info] > git ls-files --stage -- hypr/hyprland.lua [10ms]
2026-08-16 01:32:29.899 [info] > git for-each-ref --format=%(refname)%00%(upstream:short)%00%(objectname)%00%(upstream:track)%00%(upstream:remotename)%00%(upstream:remoteref) refs/heads/main refs/remotes/main [5ms]
2026-08-16 01:32:29.899 [warning] [Git][getBranch] No such branch: main
2026-08-16 01:32:29.911 [info] > git for-each-ref --sort -committerdate --format %(refname)%00%(objectname)%00%(*objectname) [1ms]
2026-08-16 01:32:29.911 [info] > git ls-files --stage -- waybar/style.css [23ms]
2026-08-16 01:32:29.918 [info] > git cat-file -s 86588f74d0bb4bb4310c7869696bb820cff7093a [19ms]
2026-08-16 01:32:29.919 [info] > git cat-file -s 4e421d7e43c43fdd4b4e90b3da5fa96807c903d0 [3ms]
2026-08-16 01:32:29.938 [info] > git show --textconv :hypr/hyprland.lua [7ms]
2026-08-16 01:32:29.939 [info] > git show --textconv :waybar/style.css [1ms]
2026-08-16 01:32:29.964 [info] > git status -z -uall [60ms]
2026-08-16 01:32:30.404 [info] > git check-ignore -v -z --stdin [13ms]
2026-08-16 01:32:30.404 [info] > git check-ignore -v -z --stdin [4ms]
2026-08-16 01:32:34.986 [info] [Git][getRemotes] No remotes found in the git config file
2026-08-16 01:32:34.986 [info] > git config --get commit.template [5ms]
2026-08-16 01:32:34.986 [info] > git for-each-ref --format=%(refname)%00%(upstream:short)%00%(objectname)%00%(upstream:track)%00%(upstream:remotename)%00%(upstream:remoteref) refs/heads/main refs/remotes/main [1ms]
2026-08-16 01:32:34.986 [warning] [Git][getBranch] No such branch: main
2026-08-16 01:32:34.997 [info] > git for-each-ref --sort -committerdate --format %(refname)%00%(objectname)%00%(*objectname) [1ms]
2026-08-16 01:32:35.050 [info] > git status -z -uall [59ms]
2026-08-16 01:32:35.492 [info] > git check-ignore -v -z --stdin [12ms]
2026-08-16 01:32:35.492 [info] > git check-ignore -v -z --stdin [4ms]
2026-08-16 01:32:40.071 [info] [Git][getRemotes] No remotes found in the git config file
2026-08-16 01:32:40.071 [info] > git config --get commit.template [5ms]
2026-08-16 01:32:40.072 [info] > git for-each-ref --format=%(refname)%00%(upstream:short)%00%(objectname)%00%(upstream:track)%00%(upstream:remotename)%00%(upstream:remoteref) refs/heads/main refs/remotes/main [1ms]
2026-08-16 01:32:40.072 [warning] [Git][getBranch] No such branch: main
2026-08-16 01:32:40.081 [info] > git for-each-ref --sort -committerdate --format %(refname)%00%(objectname)%00%(*objectname) [1ms]
2026-08-16 01:32:40.129 [info] > git status -z -uall [53ms]
2026-08-16 01:32:40.571 [info] > git check-ignore -v -z --stdin [14ms]
2026-08-16 01:32:40.571 [info] > git check-ignore -v -z --stdin [5ms]
2026-08-16 01:32:45.145 [info] > git config --get commit.template [0ms]
2026-08-16 01:32:45.145 [info] [Git][getRemotes] No remotes found in the git config file
2026-08-16 01:32:45.151 [info] > git for-each-ref --format=%(refname)%00%(upstream:short)%00%(objectname)%00%(upstream:track)%00%(upstream:remotename)%00%(upstream:remoteref) refs/heads/main refs/remotes/main [1ms]
2026-08-16 01:32:45.151 [warning] [Git][getBranch] No such branch: main
2026-08-16 01:32:45.162 [info] > git for-each-ref --sort -committerdate --format %(refname)%00%(objectname)%00%(*objectname) [1ms]
2026-08-16 01:32:45.213 [info] > git status -z -uall [56ms]
2026-08-16 01:32:45.656 [info] > git check-ignore -v -z --stdin [13ms]
2026-08-16 01:32:45.656 [info] > git check-ignore -v -z --stdin [5ms]
2026-08-16 01:32:50.230 [info] > git config --get commit.template [1ms]
2026-08-16 01:32:50.236 [info] [Git][getRemotes] No remotes found in the git config file
2026-08-16 01:32:50.237 [info] > git for-each-ref --format=%(refname)%00%(upstream:short)%00%(objectname)%00%(upstream:track)%00%(upstream:remotename)%00%(upstream:remoteref) refs/heads/main refs/remotes/main [1ms]
2026-08-16 01:32:50.237 [warning] [Git][getBranch] No such branch: main
2026-08-16 01:32:50.248 [info] > git for-each-ref --sort -committerdate --format %(refname)%00%(objectname)%00%(*objectname) [1ms]
2026-08-16 01:32:50.295 [info] > git status -z -uall [53ms]
2026-08-16 01:32:50.733 [info] > git check-ignore -v -z --stdin [12ms]
2026-08-16 01:32:50.733 [info] > git check-ignore -v -z --stdin [4ms]
2026-08-16 01:32:50.925 [info] > git for-each-ref --sort -committerdate --format %(refname)%00%(objectname)%00%(*objectname)%00%(parent)%00%(*parent)%00%(authorname)%00%(*authorname)%00%(committerdate:unix)%00%(*committerdate:unix)%00%(subject)%00%(*subject)%00%(upstream:track) [0ms]
2026-08-16 01:32:54.041 [info] > git for-each-ref --sort -committerdate --format %(refname)%00%(objectname)%00%(*objectname) refs/heads [1ms]
2026-08-16 01:32:55.316 [info] [Git][getRemotes] No remotes found in the git config file
2026-08-16 01:32:55.317 [info] > git config --get commit.template [5ms]
2026-08-16 01:32:55.317 [info] > git for-each-ref --format=%(refname)%00%(upstream:short)%00%(objectname)%00%(upstream:track)%00%(upstream:remotename)%00%(upstream:remoteref) refs/heads/main refs/remotes/main [1ms]
2026-08-16 01:32:55.317 [warning] [Git][getBranch] No such branch: main
2026-08-16 01:32:55.328 [info] > git for-each-ref --sort -committerdate --format %(refname)%00%(objectname)%00%(*objectname) [0ms]
2026-08-16 01:32:55.376 [info] > git status -z -uall [54ms]
2026-08-16 01:32:55.822 [info] > git check-ignore -v -z --stdin [13ms]
2026-08-16 01:32:55.823 [info] > git check-ignore -v -z --stdin [9ms]
2026-08-16 01:33:00.404 [info] [Git][getRemotes] No remotes found in the git config file
2026-08-16 01:33:00.404 [info] > git config --get commit.template [6ms]
2026-08-16 01:33:00.404 [info] > git for-each-ref --format=%(refname)%00%(upstream:short)%00%(objectname)%00%(upstream:track)%00%(upstream:remotename)%00%(upstream:remoteref) refs/heads/main refs/remotes/main [1ms]
2026-08-16 01:33:00.405 [warning] [Git][getBranch] No such branch: main
2026-08-16 01:33:00.415 [info] > git for-each-ref --sort -committerdate --format %(refname)%00%(objectname)%00%(*objectname) [1ms]
2026-08-16 01:33:00.463 [info] > git status -z -uall [54ms]
2026-08-16 01:33:00.903 [info] > git check-ignore -v -z --stdin [12ms]
2026-08-16 01:33:00.903 [info] > git check-ignore -v -z --stdin [4ms]
2026-08-16 01:33:00.979 [info] > git checkout -q -b main --no-track HEAD [1ms]
2026-08-16 01:33:00.979 [info] fatal: 'HEAD' is not a commit and a branch 'main' cannot be created from it
2026-08-16 01:33:00.988 [info] [Git][getRemotes] No remotes found in the git config file
2026-08-16 01:33:00.989 [info] > git config --get commit.template [5ms]
2026-08-16 01:33:00.989 [info] > git for-each-ref --format=%(refname)%00%(upstream:short)%00%(objectname)%00%(upstream:track)%00%(upstream:remotename)%00%(upstream:remoteref) refs/heads/main refs/remotes/main [1ms]
2026-08-16 01:33:00.989 [warning] [Git][getBranch] No such branch: main
2026-08-16 01:33:00.999 [info] > git for-each-ref --sort -committerdate --format %(refname)%00%(objectname)%00%(*objectname) [0ms]
2026-08-16 01:33:01.048 [info] > git status -z -uall [54ms]
2026-08-16 01:33:01.490 [info] > git check-ignore -v -z --stdin [13ms]
2026-08-16 01:33:01.490 [info] > git check-ignore -v -z --stdin [5ms]
2026-08-16 01:33:05.827 [info] > git for-each-ref --sort -committerdate --format %(refname)%00%(objectname)%00%(*objectname)%00%(parent)%00%(*parent)%00%(authorname)%00%(*authorname)%00%(committerdate:unix)%00%(*committerdate:unix)%00%(subject)%00%(*subject)%00%(upstream:track) [1ms]
2026-08-16 01:33:05.900 [info] [Git][getRemotes] No remotes found in the git config file
2026-08-16 01:33:05.901 [info] > git config --get commit.template [6ms]
2026-08-16 01:33:05.901 [info] > git for-each-ref --format=%(refname)%00%(upstream:short)%00%(objectname)%00%(upstream:track)%00%(upstream:remotename)%00%(upstream:remoteref) refs/heads/main refs/remotes/main [1ms]
2026-08-16 01:33:05.901 [warning] [Git][getBranch] No such branch: main
2026-08-16 01:33:05.911 [info] > git for-each-ref --sort -committerdate --format %(refname)%00%(objectname)%00%(*objectname) [1ms]
2026-08-16 01:33:05.958 [info] > git status -z -uall [52ms]
2026-08-16 01:33:06.397 [info] > git check-ignore -v -z --stdin [13ms]
2026-08-16 01:33:06.397 [info] > git check-ignore -v -z --stdin [5ms]
2026-08-16 01:33:12.080 [info] [Git][getRemotes] No remotes found in the git config file
2026-08-16 01:33:12.080 [info] > git config --get commit.template [5ms]
2026-08-16 01:33:12.080 [info] > git for-each-ref --format=%(refname)%00%(upstream:short)%00%(objectname)%00%(upstream:track)%00%(upstream:remotename)%00%(upstream:remoteref) refs/heads/main refs/remotes/main [1ms]
2026-08-16 01:33:12.080 [warning] [Git][getBranch] No such branch: main
2026-08-16 01:33:12.090 [info] > git for-each-ref --sort -committerdate --format %(refname)%00%(objectname)%00%(*objectname) [1ms]
2026-08-16 01:33:12.136 [info] > git status -z -uall [52ms]
2026-08-16 01:33:12.582 [info] > git check-ignore -v -z --stdin [14ms]
2026-08-16 01:33:12.582 [info] > git check-ignore -v -z --stdin [5ms]
2026-08-16 01:33:17.158 [info] [Git][getRemotes] No remotes found in the git config file
2026-08-16 01:33:17.163 [info] > git config --get commit.template [6ms]
2026-08-16 01:33:17.164 [info] > git for-each-ref --format=%(refname)%00%(upstream:short)%00%(objectname)%00%(upstream:track)%00%(upstream:remotename)%00%(upstream:remoteref) refs/heads/main refs/remotes/main [1ms]
2026-08-16 01:33:17.164 [warning] [Git][getBranch] No such branch: main
2026-08-16 01:33:17.173 [info] > git for-each-ref --sort -committerdate --format %(refname)%00%(objectname)%00%(*objectname) [0ms]
2026-08-16 01:33:17.220 [info] > git status -z -uall [52ms]
2026-08-16 01:33:17.667 [info] > git check-ignore -v -z --stdin [18ms]
2026-08-16 01:33:17.668 [info] > git check-ignore -v -z --stdin [7ms]
2026-08-16 01:33:20.255 [info] > git check-ignore -v -z --stdin [2ms]
2026-08-16 01:33:22.240 [info] [Git][getRemotes] No remotes found in the git config file
2026-08-16 01:33:22.245 [info] > git config --get commit.template [5ms]
2026-08-16 01:33:22.245 [info] > git for-each-ref --format=%(refname)%00%(upstream:short)%00%(objectname)%00%(upstream:track)%00%(upstream:remotename)%00%(upstream:remoteref) refs/heads/main refs/remotes/main [1ms]
2026-08-16 01:33:22.245 [warning] [Git][getBranch] No such branch: main
2026-08-16 01:33:22.255 [info] > git for-each-ref --sort -committerdate --format %(refname)%00%(objectname)%00%(*objectname) [0ms]
2026-08-16 01:33:22.304 [info] > git status -z -uall [55ms]
2026-08-16 01:33:22.746 [info] > git check-ignore -v -z --stdin [13ms]
2026-08-16 01:33:22.746 [info] > git check-ignore -v -z --stdin [5ms]
2026-08-16 01:33:27.326 [info] > git config --get commit.template [0ms]
2026-08-16 01:33:27.330 [info] [Git][getRemotes] No remotes found in the git config file
2026-08-16 01:33:27.331 [info] > git for-each-ref --format=%(refname)%00%(upstream:short)%00%(objectname)%00%(upstream:track)%00%(upstream:remotename)%00%(upstream:remoteref) refs/heads/main refs/remotes/main [1ms]
2026-08-16 01:33:27.331 [warning] [Git][getBranch] No such branch: main
2026-08-16 01:33:27.340 [info] > git for-each-ref --sort -committerdate --format %(refname)%00%(objectname)%00%(*objectname) [1ms]
2026-08-16 01:33:27.388 [info] > git status -z -uall [53ms]
2026-08-16 01:33:27.828 [info] > git check-ignore -v -z --stdin [12ms]
2026-08-16 01:33:27.828 [info] > git check-ignore -v -z --stdin [4ms]
2026-08-16 01:33:30.934 [info] > git remote add origin https://github.com/Darkitsuki/.config.git [3ms]
2026-08-16 01:33:30.945 [info] > git config --get commit.template [5ms]
2026-08-16 01:33:30.945 [info] > git for-each-ref --format=%(refname)%00%(upstream:short)%00%(objectname)%00%(upstream:track)%00%(upstream:remotename)%00%(upstream:remoteref) refs/heads/main refs/remotes/main [0ms]
2026-08-16 01:33:30.945 [warning] [Git][getBranch] No such branch: main
2026-08-16 01:33:30.956 [info] > git for-each-ref --sort -committerdate --format %(refname)%00%(objectname)%00%(*objectname) [1ms]
2026-08-16 01:33:31.002 [info] > git status -z -uall [52ms]
2026-08-16 01:33:31.031 [info] > git push -u origin main [9ms]
2026-08-16 01:33:31.031 [info] error: src refspec main does not match any
error: failed to push some refs to 'https://github.com/Darkitsuki/.config.git'
2026-08-16 01:33:31.042 [info] > git config --get commit.template [5ms]
2026-08-16 01:33:31.043 [info] > git for-each-ref --format=%(refname)%00%(upstream:short)%00%(objectname)%00%(upstream:track)%00%(upstream:remotename)%00%(upstream:remoteref) refs/heads/main refs/remotes/main [1ms]
2026-08-16 01:33:31.043 [warning] [Git][getBranch] No such branch: main
2026-08-16 01:33:31.051 [info] > git for-each-ref --sort -committerdate --format %(refname)%00%(objectname)%00%(*objectname) [0ms]
2026-08-16 01:33:31.100 [info] > git status -z -uall [54ms]
2026-08-16 01:33:31.541 [info] > git check-ignore -v -z --stdin [13ms]
2026-08-16 01:33:31.542 [info] > git check-ignore -v -z --stdin [5ms]
2026-08-16 01:33:36.214 [info] > git config --get commit.template [9ms]
2026-08-16 01:33:36.219 [info] > git ls-files --stage -- hypr/hyprland.lua [9ms]
2026-08-16 01:33:36.224 [info] > git for-each-ref --format=%(refname)%00%(upstream:short)%00%(objectname)%00%(upstream:track)%00%(upstream:remotename)%00%(upstream:remoteref) refs/heads/main refs/remotes/main [6ms]
2026-08-16 01:33:36.224 [warning] [Git][getBranch] No such branch: main
2026-08-16 01:33:36.233 [info] > git ls-files --stage -- waybar/style.css [19ms]
2026-08-16 01:33:36.240 [info] > git for-each-ref --sort -committerdate --format %(refname)%00%(objectname)%00%(*objectname) [7ms]
2026-08-16 01:33:36.240 [info] > git cat-file -s 4e421d7e43c43fdd4b4e90b3da5fa96807c903d0 [1ms]
2026-08-16 01:33:36.241 [info] > git cat-file -s 86588f74d0bb4bb4310c7869696bb820cff7093a [16ms]
2026-08-16 01:33:36.252 [info] > git show --textconv :waybar/style.css [6ms]
2026-08-16 01:33:36.253 [info] > git show --textconv :hypr/hyprland.lua [2ms]
2026-08-16 01:33:36.282 [info] > git status -z -uall [53ms]
2026-08-16 01:33:36.728 [info] > git check-ignore -v -z --stdin [15ms]
2026-08-16 01:33:36.728 [info] > git check-ignore -v -z --stdin [7ms]
2026-08-16 01:33:41.141 [info] > git log --oneline --cherry main...main@{upstream} -- [1ms]
2026-08-16 01:33:41.142 [info] fatal: no such branch: 'main...main'
2026-08-16 01:33:42.329 [info] > git ls-files --stage -- hypr/hyprland.lua [4ms]
2026-08-16 01:33:42.334 [info] > git ls-files --stage -- waybar/style.css [5ms]
2026-08-16 01:33:42.339 [info] > git cat-file -s 86588f74d0bb4bb4310c7869696bb820cff7093a [6ms]
2026-08-16 01:33:42.340 [info] > git cat-file -s 4e421d7e43c43fdd4b4e90b3da5fa96807c903d0 [1ms]
2026-08-16 01:33:42.351 [info] > git show --textconv :hypr/hyprland.lua [6ms]
2026-08-16 01:33:42.352 [info] > git show --textconv :waybar/style.css [2ms]
2026-08-16 01:33:42.399 [info] > git pull --tags [1251ms]
2026-08-16 01:33:42.399 [info] There is no tracking information for the current branch.
Please specify which branch you want to merge with.
See git-pull(1) for details.

    git pull <remote> <branch>

If you wish to set tracking information for this branch you can do so with:

    git branch --set-upstream-to=origin/<branch> main
2026-08-16 01:33:42.410 [info] > git config --get commit.template [5ms]
2026-08-16 01:33:42.410 [info] > git for-each-ref --format=%(refname)%00%(upstream:short)%00%(objectname)%00%(upstream:track)%00%(upstream:remotename)%00%(upstream:remoteref) refs/heads/main refs/remotes/main [1ms]
2026-08-16 01:33:42.410 [warning] [Git][getBranch] No such branch: main
2026-08-16 01:33:42.420 [info] > git for-each-ref --sort -committerdate --format %(refname)%00%(objectname)%00%(*objectname) [1ms]
2026-08-16 01:33:42.472 [info] > git status -z -uall [57ms]
2026-08-16 01:33:42.495 [info] > git config --get commit.template [1ms]
2026-08-16 01:33:42.501 [info] > git for-each-ref --format=%(refname)%00%(upstream:short)%00%(objectname)%00%(upstream:track)%00%(upstream:remotename)%00%(upstream:remoteref) refs/heads/main refs/remotes/main [1ms]
2026-08-16 01:33:42.501 [warning] [Git][getBranch] No such branch: main
2026-08-16 01:33:42.512 [info] > git for-each-ref --sort -committerdate --format %(refname)%00%(objectname)%00%(*objectname) [1ms]
2026-08-16 01:33:42.558 [info] > git status -z -uall [53ms]
2026-08-16 01:33:43.001 [info] > git check-ignore -v -z --stdin [14ms]
2026-08-16 01:33:43.001 [info] > git check-ignore -v -z --stdin [5ms]
2026-08-16 01:33:47.583 [info] > git config --get commit.template [5ms]
2026-08-16 01:33:47.583 [info] > git for-each-ref --format=%(refname)%00%(upstream:short)%00%(objectname)%00%(upstream:track)%00%(upstream:remotename)%00%(upstream:remoteref) refs/heads/main refs/remotes/main [1ms]
2026-08-16 01:33:47.583 [warning] [Git][getBranch] No such branch: main
2026-08-16 01:33:47.593 [info] > git for-each-ref --sort -committerdate --format %(refname)%00%(objectname)%00%(*objectname) [1ms]
2026-08-16 01:33:47.643 [info] > git status -z -uall [55ms]
2026-08-16 01:33:48.092 [info] > git check-ignore -v -z --stdin [17ms]
2026-08-16 01:33:48.092 [info] > git check-ignore -v -z --stdin [5ms]
2026-08-16 01:36:40.735 [info] > git config --get commit.template [1ms]
2026-08-16 01:36:40.742 [info] > git for-each-ref --format=%(refname)%00%(upstream:short)%00%(objectname)%00%(upstream:track)%00%(upstream:remotename)%00%(upstream:remoteref) refs/heads/main refs/remotes/main [1ms]
2026-08-16 01:36:40.743 [warning] [Git][getBranch] No such branch: main
2026-08-16 01:36:40.756 [info] > git for-each-ref --sort -committerdate --format %(refname)%00%(objectname)%00%(*objectname) [2ms]
2026-08-16 01:36:40.808 [info] > git status -z -uall [59ms]
2026-08-16 01:36:41.283 [info] > git check-ignore -v -z --stdin [16ms]
2026-08-16 01:36:41.284 [info] > git check-ignore -v -z --stdin [6ms]
2026-08-16 01:36:45.839 [info] > git config --get commit.template [5ms]
2026-08-16 01:36:45.839 [info] > git for-each-ref --format=%(refname)%00%(upstream:short)%00%(objectname)%00%(upstream:track)%00%(upstream:remotename)%00%(upstream:remoteref) refs/heads/main refs/remotes/main [1ms]
2026-08-16 01:36:45.839 [warning] [Git][getBranch] No such branch: main
2026-08-16 01:36:45.849 [info] > git for-each-ref --sort -committerdate --format %(refname)%00%(objectname)%00%(*objectname) [0ms]
2026-08-16 01:36:45.897 [info] > git status -z -uall [53ms]
2026-08-16 01:36:46.352 [info] > git check-ignore -v -z --stdin [10ms]
2026-08-16 01:36:46.353 [info] > git check-ignore -v -z --stdin [1ms]
2026-08-16 01:36:50.925 [info] > git config --get commit.template [4ms]
2026-08-16 01:36:50.926 [info] > git for-each-ref --format=%(refname)%00%(upstream:short)%00%(objectname)%00%(upstream:track)%00%(upstream:remotename)%00%(upstream:remoteref) refs/heads/main refs/remotes/main [1ms]
2026-08-16 01:36:50.926 [warning] [Git][getBranch] No such branch: main
2026-08-16 01:36:50.934 [info] > git for-each-ref --sort -committerdate --format %(refname)%00%(objectname)%00%(*objectname) [0ms]
2026-08-16 01:36:50.985 [info] > git status -z -uall [56ms]
2026-08-16 01:36:51.432 [info] > git check-ignore -v -z --stdin [12ms]
2026-08-16 01:36:51.433 [info] > git check-ignore -v -z --stdin [5ms]
2026-08-16 01:36:56.006 [info] > git config --get commit.template [1ms]
2026-08-16 01:36:56.011 [info] > git for-each-ref --format=%(refname)%00%(upstream:short)%00%(objectname)%00%(upstream:track)%00%(upstream:remotename)%00%(upstream:remoteref) refs/heads/main refs/remotes/main [1ms]
2026-08-16 01:36:56.011 [warning] [Git][getBranch] No such branch: main
2026-08-16 01:36:56.020 [info] > git for-each-ref --sort -committerdate --format %(refname)%00%(objectname)%00%(*objectname) [1ms]
2026-08-16 01:36:56.068 [info] > git status -z -uall [53ms]
2026-08-16 01:36:56.510 [info] > git check-ignore -v -z --stdin [13ms]
2026-08-16 01:36:56.510 [info] > git check-ignore -v -z --stdin [4ms]
2026-08-16 01:37:01.093 [info] > git config --get commit.template [4ms]
2026-08-16 01:37:01.093 [info] > git for-each-ref --format=%(refname)%00%(upstream:short)%00%(objectname)%00%(upstream:track)%00%(upstream:remotename)%00%(upstream:remoteref) refs/heads/main refs/remotes/main [0ms]
2026-08-16 01:37:01.093 [warning] [Git][getBranch] No such branch: main
2026-08-16 01:37:01.102 [info] > git for-each-ref --sort -committerdate --format %(refname)%00%(objectname)%00%(*objectname) [1ms]
2026-08-16 01:37:01.152 [info] > git status -z -uall [55ms]
2026-08-16 01:37:01.595 [info] > git check-ignore -v -z --stdin [12ms]
2026-08-16 01:37:01.595 [info] > git check-ignore -v -z --stdin [5ms]
2026-08-16 01:37:06.179 [info] > git config --get commit.template [5ms]
2026-08-16 01:37:06.179 [info] > git for-each-ref --format=%(refname)%00%(upstream:short)%00%(objectname)%00%(upstream:track)%00%(upstream:remotename)%00%(upstream:remoteref) refs/heads/main refs/remotes/main [1ms]
2026-08-16 01:37:06.179 [warning] [Git][getBranch] No such branch: main
2026-08-16 01:37:06.190 [info] > git for-each-ref --sort -committerdate --format %(refname)%00%(objectname)%00%(*objectname) [1ms]
2026-08-16 01:37:06.237 [info] > git status -z -uall [53ms]
2026-08-16 01:37:06.700 [info] > git check-ignore -v -z --stdin [14ms]
2026-08-16 01:37:06.700 [info] > git check-ignore -v -z --stdin [5ms]
2026-08-16 01:37:11.264 [info] > git config --get commit.template [5ms]
2026-08-16 01:37:11.265 [info] > git for-each-ref --format=%(refname)%00%(upstream:short)%00%(objectname)%00%(upstream:track)%00%(upstream:remotename)%00%(upstream:remoteref) refs/heads/main refs/remotes/main [1ms]
2026-08-16 01:37:11.265 [warning] [Git][getBranch] No such branch: main
2026-08-16 01:37:11.276 [info] > git for-each-ref --sort -committerdate --format %(refname)%00%(objectname)%00%(*objectname) [1ms]
2026-08-16 01:37:11.324 [info] > git status -z -uall [54ms]
2026-08-16 01:37:11.767 [info] > git check-ignore -v -z --stdin [8ms]
2026-08-16 01:37:11.768 [info] > git check-ignore -v -z --stdin [1ms]
2026-08-16 01:37:12.859 [info] > git log --format=%H%n%aN%n%aE%n%at%n%ct%n%P%n%D%n%B -z --shortstat --diff-merges=first-parent -n50 --skip=0 --topo-order --decorate=full --stdin [1ms]
2026-08-16 01:37:12.859 [info] fatal: bad revision 'refs/heads/main'
2026-08-16 01:37:12.859 [error] [GitHistoryProvider][provideHistoryItems] Failed to get history items with options '{"historyItemRefs":["refs/heads/main"],"limit":50,"skip":0}': Failed to execute git {
  "exitCode": 128,
  "gitCommand": "log",
  "stdout": "",
  "stderr": "fatal: bad revision 'refs/heads/main'\n"
}
2026-08-16 01:37:16.350 [info] > git config --get commit.template [5ms]
2026-08-16 01:37:16.350 [info] > git for-each-ref --format=%(refname)%00%(upstream:short)%00%(objectname)%00%(upstream:track)%00%(upstream:remotename)%00%(upstream:remoteref) refs/heads/main refs/remotes/main [0ms]
2026-08-16 01:37:16.350 [warning] [Git][getBranch] No such branch: main
2026-08-16 01:37:16.360 [info] > git for-each-ref --sort -committerdate --format %(refname)%00%(objectname)%00%(*objectname) [1ms]
2026-08-16 01:37:16.409 [info] > git status -z -uall [54ms]
2026-08-16 01:37:16.847 [info] > git check-ignore -v -z --stdin [12ms]
2026-08-16 01:37:16.847 [info] > git check-ignore -v -z --stdin [4ms]
2026-08-16 01:37:17.202 [info] > git check-ignore -v -z --stdin [1ms]
2026-08-16 01:37:19.065 [info] > git check-ignore -v -z --stdin [2ms]
2026-08-16 01:37:21.435 [info] > git config --get commit.template [5ms]
2026-08-16 01:37:21.435 [info] > git for-each-ref --format=%(refname)%00%(upstream:short)%00%(objectname)%00%(upstream:track)%00%(upstream:remotename)%00%(upstream:remoteref) refs/heads/main refs/remotes/main [1ms]
2026-08-16 01:37:21.435 [warning] [Git][getBranch] No such branch: main
2026-08-16 01:37:21.445 [info] > git for-each-ref --sort -committerdate --format %(refname)%00%(objectname)%00%(*objectname) [1ms]
2026-08-16 01:37:21.496 [info] > git status -z -uall [57ms]
2026-08-16 01:37:21.941 [info] > git check-ignore -v -z --stdin [16ms]
2026-08-16 01:37:21.941 [info] > git check-ignore -v -z --stdin [6ms]
2026-08-16 01:37:26.521 [info] > git config --get commit.template [5ms]
2026-08-16 01:37:26.522 [info] > git for-each-ref --format=%(refname)%00%(upstream:short)%00%(objectname)%00%(upstream:track)%00%(upstream:remotename)%00%(upstream:remoteref) refs/heads/main refs/remotes/main [1ms]
2026-08-16 01:37:26.522 [warning] [Git][getBranch] No such branch: main
2026-08-16 01:37:26.532 [info] > git for-each-ref --sort -committerdate --format %(refname)%00%(objectname)%00%(*objectname) [1ms]
2026-08-16 01:37:26.580 [info] > git status -z -uall [54ms]
2026-08-16 01:37:27.029 [info] > git check-ignore -v -z --stdin [14ms]
2026-08-16 01:37:27.029 [info] > git check-ignore -v -z --stdin [5ms]
2026-08-16 01:37:33.032 [info] > git config --get commit.template [4ms]
2026-08-16 01:37:33.033 [info] > git for-each-ref --format=%(refname)%00%(upstream:short)%00%(objectname)%00%(upstream:track)%00%(upstream:remotename)%00%(upstream:remoteref) refs/heads/main refs/remotes/main [1ms]
2026-08-16 01:37:33.033 [warning] [Git][getBranch] No such branch: main
2026-08-16 01:37:33.042 [info] > git for-each-ref --sort -committerdate --format %(refname)%00%(objectname)%00%(*objectname) [1ms]
2026-08-16 01:37:33.093 [info] > git status -z -uall [57ms]
2026-08-16 01:37:33.531 [info] > git check-ignore -v -z --stdin [12ms]
2026-08-16 01:37:33.531 [info] > git check-ignore -v -z --stdin [4ms]
2026-08-16 01:37:38.119 [info] > git config --get commit.template [6ms]
2026-08-16 01:37:38.119 [info] > git for-each-ref --format=%(refname)%00%(upstream:short)%00%(objectname)%00%(upstream:track)%00%(upstream:remotename)%00%(upstream:remoteref) refs/heads/main refs/remotes/main [1ms]
2026-08-16 01:37:38.119 [warning] [Git][getBranch] No such branch: main
2026-08-16 01:37:38.129 [info] > git for-each-ref --sort -committerdate --format %(refname)%00%(objectname)%00%(*objectname) [0ms]
2026-08-16 01:37:38.182 [info] > git status -z -uall [58ms]
2026-08-16 01:37:38.633 [info] > git check-ignore -v -z --stdin [13ms]
2026-08-16 01:37:38.634 [info] > git check-ignore -v -z --stdin [1ms]
2026-08-16 01:37:43.213 [info] > git config --get commit.template [4ms]
2026-08-16 01:37:43.213 [info] > git for-each-ref --format=%(refname)%00%(upstream:short)%00%(objectname)%00%(upstream:track)%00%(upstream:remotename)%00%(upstream:remoteref) refs/heads/main refs/remotes/main [0ms]
2026-08-16 01:37:43.213 [warning] [Git][getBranch] No such branch: main
2026-08-16 01:37:43.223 [info] > git for-each-ref --sort -committerdate --format %(refname)%00%(objectname)%00%(*objectname) [0ms]
2026-08-16 01:37:43.271 [info] > git status -z -uall [53ms]
2026-08-16 01:37:43.718 [info] > git check-ignore -v -z --stdin [9ms]
2026-08-16 01:37:43.719 [info] > git check-ignore -v -z --stdin [1ms]
2026-08-16 01:37:48.295 [info] > git config --get commit.template [5ms]
2026-08-16 01:37:48.295 [info] > git for-each-ref --format=%(refname)%00%(upstream:short)%00%(objectname)%00%(upstream:track)%00%(upstream:remotename)%00%(upstream:remoteref) refs/heads/main refs/remotes/main [1ms]
2026-08-16 01:37:48.295 [warning] [Git][getBranch] No such branch: main
2026-08-16 01:37:48.304 [info] > git for-each-ref --sort -committerdate --format %(refname)%00%(objectname)%00%(*objectname) [1ms]
2026-08-16 01:37:48.360 [info] > git status -z -uall [61ms]
2026-08-16 01:37:48.806 [info] > git check-ignore -v -z --stdin [12ms]
2026-08-16 01:37:48.806 [info] > git check-ignore -v -z --stdin [8ms]
2026-08-16 01:37:50.068 [info] > git push [0ms]
2026-08-16 01:37:50.068 [info] fatal: The current branch main has no upstream branch.
To push the current branch and set the remote as upstream, use

    git push --set-upstream origin main

To have this happen automatically for branches without a tracking
upstream, see 'push.autoSetupRemote' in 'git help config'.
2026-08-16 01:37:50.078 [info] > git config --get commit.template [5ms]
2026-08-16 01:37:50.078 [info] > git for-each-ref --format=%(refname)%00%(upstream:short)%00%(objectname)%00%(upstream:track)%00%(upstream:remotename)%00%(upstream:remoteref) refs/heads/main refs/remotes/main [1ms]
2026-08-16 01:37:50.078 [warning] [Git][getBranch] No such branch: main
2026-08-16 01:37:50.088 [info] > git for-each-ref --sort -committerdate --format %(refname)%00%(objectname)%00%(*objectname) [1ms]
2026-08-16 01:37:50.141 [info] > git status -z -uall [58ms]
2026-08-16 01:37:50.597 [info] > git check-ignore -v -z --stdin [14ms]
2026-08-16 01:37:50.597 [info] > git check-ignore -v -z --stdin [5ms]
2026-08-16 01:37:55.343 [info] > git push -u origin main [7ms]
2026-08-16 01:37:55.343 [info] error: src refspec main does not match any
error: failed to push some refs to 'https://github.com/Darkitsuki/.config.git'
2026-08-16 01:37:55.354 [info] > git config --get commit.template [5ms]
2026-08-16 01:37:55.355 [info] > git for-each-ref --format=%(refname)%00%(upstream:short)%00%(objectname)%00%(upstream:track)%00%(upstream:remotename)%00%(upstream:remoteref) refs/heads/main refs/remotes/main [1ms]
2026-08-16 01:37:55.355 [warning] [Git][getBranch] No such branch: main
2026-08-16 01:37:55.365 [info] > git for-each-ref --sort -committerdate --format %(refname)%00%(objectname)%00%(*objectname) [1ms]
2026-08-16 01:37:55.415 [info] > git status -z -uall [56ms]
2026-08-16 01:37:55.439 [info] > git config --get commit.template [2ms]
2026-08-16 01:37:55.445 [info] > git for-each-ref --format=%(refname)%00%(upstream:short)%00%(objectname)%00%(upstream:track)%00%(upstream:remotename)%00%(upstream:remoteref) refs/heads/main refs/remotes/main [1ms]
2026-08-16 01:37:55.445 [warning] [Git][getBranch] No such branch: main
2026-08-16 01:37:55.456 [info] > git for-each-ref --sort -committerdate --format %(refname)%00%(objectname)%00%(*objectname) [1ms]
2026-08-16 01:37:55.504 [info] > git status -z -uall [54ms]
2026-08-16 01:37:55.950 [info] > git check-ignore -v -z --stdin [13ms]
2026-08-16 01:37:55.951 [info] > git check-ignore -v -z --stdin [5ms]
2026-08-16 01:38:00.531 [info] > git config --get commit.template [4ms]
2026-08-16 01:38:00.532 [info] > git for-each-ref --format=%(refname)%00%(upstream:short)%00%(objectname)%00%(upstream:track)%00%(upstream:remotename)%00%(upstream:remoteref) refs/heads/main refs/remotes/main [1ms]
2026-08-16 01:38:00.532 [warning] [Git][getBranch] No such branch: main
2026-08-16 01:38:00.541 [info] > git for-each-ref --sort -committerdate --format %(refname)%00%(objectname)%00%(*objectname) [0ms]
2026-08-16 01:38:00.590 [info] > git status -z -uall [54ms]
2026-08-16 01:38:01.033 [info] > git check-ignore -v -z --stdin [12ms]
2026-08-16 01:38:01.033 [info] > git check-ignore -v -z --stdin [8ms]
2026-08-16 01:38:16.019 [info] > git config --get commit.template [7ms]
2026-08-16 01:38:16.019 [info] > git for-each-ref --format=%(refname)%00%(upstream:short)%00%(objectname)%00%(upstream:track)%00%(upstream:remotename)%00%(upstream:remoteref) refs/heads/main refs/remotes/main [1ms]
2026-08-16 01:38:16.019 [warning] [Git][getBranch] No such branch: main
2026-08-16 01:38:16.031 [info] > git for-each-ref --sort -committerdate --format %(refname)%00%(objectname)%00%(*objectname) [1ms]
2026-08-16 01:38:16.079 [info] > git status -z -uall [54ms]
2026-08-16 01:38:16.541 [info] > git check-ignore -v -z --stdin [13ms]
2026-08-16 01:38:16.542 [info] > git check-ignore -v -z --stdin [5ms]
2026-08-16 01:38:46.834 [info] > git config --get commit.template [6ms]
2026-08-16 01:38:46.834 [info] > git for-each-ref --format=%(refname)%00%(upstream:short)%00%(objectname)%00%(upstream:track)%00%(upstream:remotename)%00%(upstream:remoteref) refs/heads/main refs/remotes/main [0ms]
2026-08-16 01:38:46.834 [warning] [Git][getBranch] No such branch: main
2026-08-16 01:38:46.847 [info] > git for-each-ref --sort -committerdate --format %(refname)%00%(objectname)%00%(*objectname) [1ms]
2026-08-16 01:38:46.899 [info] > git status -z -uall [59ms]
2026-08-16 01:38:47.374 [info] > git check-ignore -v -z --stdin [13ms]
2026-08-16 01:38:47.374 [info] > git check-ignore -v -z --stdin [9ms]
2026-08-16 01:38:51.925 [info] > git config --get commit.template [4ms]
2026-08-16 01:38:51.925 [info] > git for-each-ref --format=%(refname)%00%(upstream:short)%00%(objectname)%00%(upstream:track)%00%(upstream:remotename)%00%(upstream:remoteref) refs/heads/main refs/remotes/main [0ms]
2026-08-16 01:38:51.925 [warning] [Git][getBranch] No such branch: main
2026-08-16 01:38:51.934 [info] > git for-each-ref --sort -committerdate --format %(refname)%00%(objectname)%00%(*objectname) [1ms]
2026-08-16 01:38:51.990 [info] > git status -z -uall [61ms]
2026-08-16 01:38:52.445 [info] > git check-ignore -v -z --stdin [12ms]
2026-08-16 01:38:52.445 [info] > git check-ignore -v -z --stdin [4ms]
2026-08-16 01:38:57.016 [info] > git config --get commit.template [4ms]
2026-08-16 01:38:57.017 [info] > git for-each-ref --format=%(refname)%00%(upstream:short)%00%(objectname)%00%(upstream:track)%00%(upstream:remotename)%00%(upstream:remoteref) refs/heads/main refs/remotes/main [1ms]
2026-08-16 01:38:57.017 [warning] [Git][getBranch] No such branch: main
2026-08-16 01:38:57.026 [info] > git for-each-ref --sort -committerdate --format %(refname)%00%(objectname)%00%(*objectname) [1ms]
2026-08-16 01:38:57.075 [info] > git status -z -uall [55ms]
2026-08-16 01:38:57.527 [info] > git check-ignore -v -z --stdin [15ms]
2026-08-16 01:38:57.527 [info] > git check-ignore -v -z --stdin [10ms]
2026-08-16 01:39:15.032 [info] > git config --get commit.template [6ms]
2026-08-16 01:39:15.032 [info] > git for-each-ref --format=%(refname)%00%(upstream:short)%00%(objectname)%00%(upstream:track)%00%(upstream:remotename)%00%(upstream:remoteref) refs/heads/main refs/remotes/main [1ms]
2026-08-16 01:39:15.032 [warning] [Git][getBranch] No such branch: main
2026-08-16 01:39:15.044 [info] > git for-each-ref --sort -committerdate --format %(refname)%00%(objectname)%00%(*objectname) [1ms]
2026-08-16 01:39:15.091 [info] > git status -z -uall [54ms]
2026-08-16 01:39:15.549 [info] > git check-ignore -v -z --stdin [15ms]
2026-08-16 01:39:15.549 [info] > git check-ignore -v -z --stdin [4ms]
2026-08-16 01:39:38.802 [info] > git config --get commit.template [7ms]
2026-08-16 01:39:38.803 [info] > git for-each-ref --format=%(refname)%00%(upstream:short)%00%(objectname)%00%(upstream:track)%00%(upstream:remotename)%00%(upstream:remoteref) refs/heads/main refs/remotes/main [1ms]
2026-08-16 01:39:38.803 [warning] [Git][getBranch] No such branch: main
2026-08-16 01:39:38.816 [info] > git for-each-ref --sort -committerdate --format %(refname)%00%(objectname)%00%(*objectname) [1ms]
2026-08-16 01:39:38.867 [info] > git status -z -uall [58ms]
2026-08-16 01:39:39.331 [info] > git check-ignore -v -z --stdin [15ms]
2026-08-16 01:39:39.331 [info] > git check-ignore -v -z --stdin [5ms]
2026-08-16 01:39:44.751 [info] > git config --get commit.template [6ms]
2026-08-16 01:39:44.752 [info] > git for-each-ref --format=%(refname)%00%(upstream:short)%00%(objectname)%00%(upstream:track)%00%(upstream:remotename)%00%(upstream:remoteref) refs/heads/main refs/remotes/main [1ms]
2026-08-16 01:39:44.752 [warning] [Git][getBranch] No such branch: main
2026-08-16 01:39:44.764 [info] > git for-each-ref --sort -committerdate --format %(refname)%00%(objectname)%00%(*objectname) [1ms]
2026-08-16 01:39:44.812 [info] > git status -z -uall [54ms]
2026-08-16 01:39:45.266 [info] > git check-ignore -v -z --stdin [14ms]
2026-08-16 01:39:45.266 [info] > git check-ignore -v -z --stdin [5ms]
2026-08-16 01:39:49.840 [info] > git config --get commit.template [4ms]
2026-08-16 01:39:49.840 [info] > git for-each-ref --format=%(refname)%00%(upstream:short)%00%(objectname)%00%(upstream:track)%00%(upstream:remotename)%00%(upstream:remoteref) refs/heads/main refs/remotes/main [0ms]
2026-08-16 01:39:49.840 [warning] [Git][getBranch] No such branch: main
2026-08-16 01:39:49.850 [info] > git for-each-ref --sort -committerdate --format %(refname)%00%(objectname)%00%(*objectname) [1ms]
2026-08-16 01:39:49.898 [info] > git status -z -uall [53ms]
2026-08-16 01:39:50.348 [info] > git check-ignore -v -z --stdin [6ms]
2026-08-16 01:39:50.349 [info] > git check-ignore -v -z --stdin [2ms]
2026-08-16 01:39:54.925 [info] > git config --get commit.template [4ms]
2026-08-16 01:39:54.925 [info] > git for-each-ref --format=%(refname)%00%(upstream:short)%00%(objectname)%00%(upstream:track)%00%(upstream:remotename)%00%(upstream:remoteref) refs/heads/main refs/remotes/main [1ms]
2026-08-16 01:39:54.928 [warning] [Git][getBranch] No such branch: main
2026-08-16 01:39:54.937 [info] > git for-each-ref --sort -committerdate --format %(refname)%00%(objectname)%00%(*objectname) [1ms]
2026-08-16 01:39:54.985 [info] > git status -z -uall [53ms]
2026-08-16 01:39:55.438 [info] > git check-ignore -v -z --stdin [14ms]
2026-08-16 01:39:55.438 [info] > git check-ignore -v -z --stdin [5ms]
2026-08-16 01:40:00.010 [info] > git config --get commit.template [4ms]
2026-08-16 01:40:00.010 [info] > git for-each-ref --format=%(refname)%00%(upstream:short)%00%(objectname)%00%(upstream:track)%00%(upstream:remotename)%00%(upstream:remoteref) refs/heads/main refs/remotes/main [0ms]
2026-08-16 01:40:00.014 [warning] [Git][getBranch] No such branch: main
2026-08-16 01:40:00.025 [info] > git for-each-ref --sort -committerdate --format %(refname)%00%(objectname)%00%(*objectname) [1ms]
2026-08-16 01:40:00.071 [info] > git status -z -uall [52ms]
2026-08-16 01:40:00.510 [info] > git check-ignore -v -z --stdin [12ms]
2026-08-16 01:40:00.510 [info] > git check-ignore -v -z --stdin [5ms]
2026-08-16 01:40:14.577 [info] > git config --get commit.template [7ms]
2026-08-16 01:40:14.578 [info] > git for-each-ref --format=%(refname)%00%(upstream:short)%00%(objectname)%00%(upstream:track)%00%(upstream:remotename)%00%(upstream:remoteref) refs/heads/main refs/remotes/main [1ms]
2026-08-16 01:40:14.578 [warning] [Git][getBranch] No such branch: main
2026-08-16 01:40:14.590 [info] > git for-each-ref --sort -committerdate --format %(refname)%00%(objectname)%00%(*objectname) [1ms]
2026-08-16 01:40:14.638 [info] > git status -z -uall [55ms]
2026-08-16 01:40:15.099 [info] > git check-ignore -v -z --stdin [16ms]
2026-08-16 01:40:15.099 [info] > git check-ignore -v -z --stdin [5ms]
2026-08-16 01:40:19.669 [info] > git config --get commit.template [4ms]
2026-08-16 01:40:19.669 [info] > git for-each-ref --format=%(refname)%00%(upstream:short)%00%(objectname)%00%(upstream:track)%00%(upstream:remotename)%00%(upstream:remoteref) refs/heads/main refs/remotes/main [1ms]
2026-08-16 01:40:19.669 [warning] [Git][getBranch] No such branch: main
2026-08-16 01:40:19.678 [info] > git for-each-ref --sort -committerdate --format %(refname)%00%(objectname)%00%(*objectname) [1ms]
2026-08-16 01:40:19.725 [info] > git status -z -uall [52ms]
2026-08-16 01:40:20.181 [info] > git check-ignore -v -z --stdin [15ms]
2026-08-16 01:40:20.181 [info] > git check-ignore -v -z --stdin [5ms]
2026-08-16 01:40:24.750 [info] > git config --get commit.template [4ms]
2026-08-16 01:40:24.750 [info] > git for-each-ref --format=%(refname)%00%(upstream:short)%00%(objectname)%00%(upstream:track)%00%(upstream:remotename)%00%(upstream:remoteref) refs/heads/main refs/remotes/main [0ms]
2026-08-16 01:40:24.750 [warning] [Git][getBranch] No such branch: main
2026-08-16 01:40:24.759 [info] > git for-each-ref --sort -committerdate --format %(refname)%00%(objectname)%00%(*objectname) [1ms]
2026-08-16 01:40:24.807 [info] > git status -z -uall [53ms]
2026-08-16 01:40:25.254 [info] > git check-ignore -v -z --stdin [13ms]
2026-08-16 01:40:25.255 [info] > git check-ignore -v -z --stdin [1ms]
2026-08-16 01:41:06.378 [info] > git config --get commit.template [6ms]
2026-08-16 01:41:06.379 [info] > git for-each-ref --format=%(refname)%00%(upstream:short)%00%(objectname)%00%(upstream:track)%00%(upstream:remotename)%00%(upstream:remoteref) refs/heads/main refs/remotes/main [1ms]
2026-08-16 01:41:06.379 [warning] [Git][getBranch] No such branch: main
2026-08-16 01:41:06.391 [info] > git for-each-ref --sort -committerdate --format %(refname)%00%(objectname)%00%(*objectname) [1ms]
2026-08-16 01:41:06.439 [info] > git status -z -uall [54ms]
2026-08-16 01:41:06.910 [info] > git check-ignore -v -z --stdin [15ms]
2026-08-16 01:41:06.910 [info] > git check-ignore -v -z --stdin [5ms]
2026-08-16 01:41:11.472 [info] > git config --get commit.template [4ms]
2026-08-16 01:41:11.472 [info] > git for-each-ref --format=%(refname)%00%(upstream:short)%00%(objectname)%00%(upstream:track)%00%(upstream:remotename)%00%(upstream:remoteref) refs/heads/main refs/remotes/main [0ms]
2026-08-16 01:41:11.472 [warning] [Git][getBranch] No such branch: main
2026-08-16 01:41:11.481 [info] > git for-each-ref --sort -committerdate --format %(refname)%00%(objectname)%00%(*objectname) [0ms]
2026-08-16 01:41:11.532 [info] > git status -z -uall [56ms]
2026-08-16 01:41:11.978 [info] > git check-ignore -v -z --stdin [13ms]
2026-08-16 01:41:11.978 [info] > git check-ignore -v -z --stdin [5ms]
2026-08-16 01:41:16.558 [info] > git config --get commit.template [4ms]
2026-08-16 01:41:16.558 [info] > git for-each-ref --format=%(refname)%00%(upstream:short)%00%(objectname)%00%(upstream:track)%00%(upstream:remotename)%00%(upstream:remoteref) refs/heads/main refs/remotes/main [0ms]
2026-08-16 01:41:16.558 [warning] [Git][getBranch] No such branch: main
2026-08-16 01:41:16.567 [info] > git for-each-ref --sort -committerdate --format %(refname)%00%(objectname)%00%(*objectname) [1ms]
2026-08-16 01:41:16.619 [info] > git status -z -uall [57ms]
2026-08-16 01:41:17.063 [info] > git check-ignore -v -z --stdin [8ms]
2026-08-16 01:41:17.063 [info] > git check-ignore -v -z --stdin [4ms]
2026-08-16 01:42:22.308 [info] > git config --get commit.template [7ms]
2026-08-16 01:42:22.308 [info] > git for-each-ref --format=%(refname)%00%(upstream:short)%00%(objectname)%00%(upstream:track)%00%(upstream:remotename)%00%(upstream:remoteref) refs/heads/main refs/remotes/main [1ms]
2026-08-16 01:42:22.308 [warning] [Git][getBranch] No such branch: main
2026-08-16 01:42:22.320 [info] > git for-each-ref --sort -committerdate --format %(refname)%00%(objectname)%00%(*objectname) [1ms]
2026-08-16 01:42:22.367 [info] > git status -z -uall [54ms]
2026-08-16 01:42:22.822 [info] > git check-ignore -v -z --stdin [13ms]
2026-08-16 01:42:22.822 [info] > git check-ignore -v -z --stdin [5ms]
2026-08-16 01:42:27.397 [info] > git config --get commit.template [5ms]
2026-08-16 01:42:27.398 [info] > git for-each-ref --format=%(refname)%00%(upstream:short)%00%(objectname)%00%(upstream:track)%00%(upstream:remotename)%00%(upstream:remoteref) refs/heads/main refs/remotes/main [1ms]
2026-08-16 01:42:27.398 [warning] [Git][getBranch] No such branch: main
2026-08-16 01:42:27.407 [info] > git for-each-ref --sort -committerdate --format %(refname)%00%(objectname)%00%(*objectname) [1ms]
2026-08-16 01:42:27.457 [info] > git status -z -uall [55ms]
2026-08-16 01:42:27.899 [info] > git check-ignore -v -z --stdin [13ms]
2026-08-16 01:42:27.899 [info] > git check-ignore -v -z --stdin [4ms]
2026-08-16 01:42:32.485 [info] > git config --get commit.template [5ms]
2026-08-16 01:42:32.486 [info] > git for-each-ref --format=%(refname)%00%(upstream:short)%00%(objectname)%00%(upstream:track)%00%(upstream:remotename)%00%(upstream:remoteref) refs/heads/main refs/remotes/main [1ms]
2026-08-16 01:42:32.486 [warning] [Git][getBranch] No such branch: main
2026-08-16 01:42:32.496 [info] > git for-each-ref --sort -committerdate --format %(refname)%00%(objectname)%00%(*objectname) [1ms]
2026-08-16 01:42:32.546 [info] > git status -z -uall [56ms]
2026-08-16 01:42:32.989 [info] > git check-ignore -v -z --stdin [11ms]
2026-08-16 01:42:32.989 [info] > git check-ignore -v -z --stdin [7ms]
2026-08-16 01:42:37.339 [info] > git push [1ms]
2026-08-16 01:42:37.339 [info] fatal: The current branch main has no upstream branch.
To push the current branch and set the remote as upstream, use

    git push --set-upstream origin main

To have this happen automatically for branches without a tracking
upstream, see 'push.autoSetupRemote' in 'git help config'.
2026-08-16 01:42:37.349 [info] > git config --get commit.template [6ms]
2026-08-16 01:42:37.349 [info] > git for-each-ref --format=%(refname)%00%(upstream:short)%00%(objectname)%00%(upstream:track)%00%(upstream:remotename)%00%(upstream:remoteref) refs/heads/main refs/remotes/main [1ms]
2026-08-16 01:42:37.349 [warning] [Git][getBranch] No such branch: main
2026-08-16 01:42:37.359 [info] > git for-each-ref --sort -committerdate --format %(refname)%00%(objectname)%00%(*objectname) [1ms]
2026-08-16 01:42:37.408 [info] > git status -z -uall [54ms]
2026-08-16 01:42:37.839 [info] > git config --get commit.template [6ms]
2026-08-16 01:42:37.839 [info] > git for-each-ref --format=%(refname)%00%(upstream:short)%00%(objectname)%00%(upstream:track)%00%(upstream:remotename)%00%(upstream:remoteref) refs/heads/main refs/remotes/main [1ms]
2026-08-16 01:42:37.839 [warning] [Git][getBranch] No such branch: main
2026-08-16 01:42:37.867 [info] > git for-each-ref --sort -committerdate --format %(refname)%00%(objectname)%00%(*objectname) [18ms]
2026-08-16 01:42:37.867 [info] > git check-ignore -v -z --stdin [12ms]
2026-08-16 01:42:37.867 [info] > git check-ignore -v -z --stdin [4ms]
2026-08-16 01:42:37.896 [info] > git status -z -uall [52ms]
2026-08-16 01:42:38.342 [info] > git check-ignore -v -z --stdin [13ms]
2026-08-16 01:42:38.342 [info] > git check-ignore -v -z --stdin [4ms]
2026-08-16 01:42:40.922 [info] > git push -u origin main [7ms]
2026-08-16 01:42:40.922 [info] error: src refspec main does not match any
error: failed to push some refs to 'https://github.com/Darkitsuki/.config.git'
2026-08-16 01:42:40.932 [info] > git config --get commit.template [5ms]
2026-08-16 01:42:40.933 [info] > git for-each-ref --format=%(refname)%00%(upstream:short)%00%(objectname)%00%(upstream:track)%00%(upstream:remotename)%00%(upstream:remoteref) refs/heads/main refs/remotes/main [1ms]
2026-08-16 01:42:40.933 [warning] [Git][getBranch] No such branch: main
2026-08-16 01:42:40.943 [info] > git for-each-ref --sort -committerdate --format %(refname)%00%(objectname)%00%(*objectname) [0ms]
2026-08-16 01:42:40.992 [info] > git status -z -uall [54ms]
2026-08-16 01:42:41.433 [info] > git check-ignore -v -z --stdin [13ms]
2026-08-16 01:42:41.434 [info] > git check-ignore -v -z --stdin [5ms]
2026-08-16 01:42:42.940 [info] > git config --get commit.template [5ms]
2026-08-16 01:42:42.940 [info] > git for-each-ref --format=%(refname)%00%(upstream:short)%00%(objectname)%00%(upstream:track)%00%(upstream:remotename)%00%(upstream:remoteref) refs/heads/main refs/remotes/main [0ms]
2026-08-16 01:42:42.941 [warning] [Git][getBranch] No such branch: main
2026-08-16 01:42:42.952 [info] > git for-each-ref --sort -committerdate --format %(refname)%00%(objectname)%00%(*objectname) [1ms]
2026-08-16 01:42:43.000 [info] > git status -z -uall [55ms]
2026-08-16 01:42:43.443 [info] > git check-ignore -v -z --stdin [13ms]
2026-08-16 01:42:43.443 [info] > git check-ignore -v -z --stdin [9ms]
2026-08-16 01:44:08.978 [info] > git config --get commit.template [1ms]
2026-08-16 01:44:08.985 [info] > git for-each-ref --format=%(refname)%00%(upstream:short)%00%(objectname)%00%(upstream:track)%00%(upstream:remotename)%00%(upstream:remoteref) refs/heads/main refs/remotes/main [1ms]
2026-08-16 01:44:08.985 [warning] [Git][getBranch] No such branch: main
2026-08-16 01:44:08.997 [info] > git for-each-ref --sort -committerdate --format %(refname)%00%(objectname)%00%(*objectname) [1ms]
2026-08-16 01:44:09.045 [info] > git status -z -uall [54ms]
2026-08-16 01:44:09.514 [info] > git check-ignore -v -z --stdin [10ms]
2026-08-16 01:44:09.514 [info] > git check-ignore -v -z --stdin [0ms]
2026-08-16 01:44:20.227 [info] > git config --get commit.template [7ms]
2026-08-16 01:44:20.227 [info] > git for-each-ref --format=%(refname)%00%(upstream:short)%00%(objectname)%00%(upstream:track)%00%(upstream:remotename)%00%(upstream:remoteref) refs/heads/main refs/remotes/main [1ms]
2026-08-16 01:44:20.227 [warning] [Git][getBranch] No such branch: main
2026-08-16 01:44:20.238 [info] > git for-each-ref --sort -committerdate --format %(refname)%00%(objectname)%00%(*objectname) [1ms]
2026-08-16 01:44:20.289 [info] > git status -z -uall [57ms]
2026-08-16 01:44:20.757 [info] > git check-ignore -v -z --stdin [14ms]
2026-08-16 01:44:20.757 [info] > git check-ignore -v -z --stdin [5ms]
2026-08-16 01:45:35.657 [info] > git config --get commit.template [1ms]
2026-08-16 01:45:35.664 [info] > git for-each-ref --format=%(refname)%00%(upstream:short)%00%(objectname)%00%(upstream:track)%00%(upstream:remotename)%00%(upstream:remoteref) refs/heads/main refs/remotes/main [1ms]
2026-08-16 01:45:35.664 [warning] [Git][getBranch] No such branch: main
2026-08-16 01:45:35.674 [info] > git for-each-ref --sort -committerdate --format %(refname)%00%(objectname)%00%(*objectname) [0ms]
2026-08-16 01:45:35.727 [info] > git status -z -uall [58ms]
2026-08-16 01:45:36.194 [info] > git check-ignore -v -z --stdin [16ms]
2026-08-16 01:45:36.194 [info] > git check-ignore -v -z --stdin [6ms]
2026-08-16 01:45:40.905 [info] > git config --get commit.template [6ms]
2026-08-16 01:45:40.906 [info] > git for-each-ref --format=%(refname)%00%(upstream:short)%00%(objectname)%00%(upstream:track)%00%(upstream:remotename)%00%(upstream:remoteref) refs/heads/main refs/remotes/main [1ms]
2026-08-16 01:45:40.906 [warning] [Git][getBranch] No such branch: main
2026-08-16 01:45:40.918 [info] > git for-each-ref --sort -committerdate --format %(refname)%00%(objectname)%00%(*objectname) [2ms]
2026-08-16 01:45:40.974 [info] > git status -z -uall [64ms]
2026-08-16 01:45:41.432 [info] > git check-ignore -v -z --stdin [13ms]
2026-08-16 01:45:41.433 [info] > git check-ignore -v -z --stdin [5ms]
2026-08-16 01:45:46.885 [info] > git config --get commit.template [6ms]
2026-08-16 01:45:46.885 [info] > git for-each-ref --format=%(refname)%00%(upstream:short)%00%(objectname)%00%(upstream:track)%00%(upstream:remotename)%00%(upstream:remoteref) refs/heads/main refs/remotes/main [1ms]
2026-08-16 01:45:46.885 [warning] [Git][getBranch] No such branch: main
2026-08-16 01:45:46.894 [info] > git for-each-ref --sort -committerdate --format %(refname)%00%(objectname)%00%(*objectname) [0ms]
2026-08-16 01:45:46.951 [info] > git status -z -uall [61ms]
2026-08-16 01:45:47.414 [info] > git check-ignore -v -z --stdin [12ms]
2026-08-16 01:45:47.414 [info] > git check-ignore -v -z --stdin [4ms]
2026-08-16 01:45:51.979 [info] > git config --get commit.template [5ms]
2026-08-16 01:45:51.979 [info] > git for-each-ref --format=%(refname)%00%(upstream:short)%00%(objectname)%00%(upstream:track)%00%(upstream:remotename)%00%(upstream:remoteref) refs/heads/main refs/remotes/main [1ms]
2026-08-16 01:45:51.979 [warning] [Git][getBranch] No such branch: main
2026-08-16 01:45:51.988 [info] > git for-each-ref --sort -committerdate --format %(refname)%00%(objectname)%00%(*objectname) [1ms]
2026-08-16 01:45:52.047 [info] > git status -z -uall [65ms]
2026-08-16 01:45:52.505 [info] > git check-ignore -v -z --stdin [12ms]
2026-08-16 01:45:52.505 [info] > git check-ignore -v -z --stdin [4ms]
2026-08-16 01:45:57.071 [info] > git config --get commit.template [1ms]
2026-08-16 01:45:57.075 [info] > git for-each-ref --format=%(refname)%00%(upstream:short)%00%(objectname)%00%(upstream:track)%00%(upstream:remotename)%00%(upstream:remoteref) refs/heads/main refs/remotes/main [0ms]
2026-08-16 01:45:57.075 [warning] [Git][getBranch] No such branch: main
2026-08-16 01:45:57.083 [info] > git for-each-ref --sort -committerdate --format %(refname)%00%(objectname)%00%(*objectname) [0ms]
2026-08-16 01:45:57.143 [info] > git status -z -uall [64ms]
2026-08-16 01:45:57.601 [info] > git check-ignore -v -z --stdin [12ms]
2026-08-16 01:45:57.601 [info] > git check-ignore -v -z --stdin [5ms]
2026-08-16 01:46:02.171 [info] > git config --get commit.template [5ms]
2026-08-16 01:46:02.171 [info] > git for-each-ref --format=%(refname)%00%(upstream:short)%00%(objectname)%00%(upstream:track)%00%(upstream:remotename)%00%(upstream:remoteref) refs/heads/main refs/remotes/main [0ms]
2026-08-16 01:46:02.171 [warning] [Git][getBranch] No such branch: main
2026-08-16 01:46:02.182 [info] > git for-each-ref --sort -committerdate --format %(refname)%00%(objectname)%00%(*objectname) [1ms]
2026-08-16 01:46:02.237 [info] > git status -z -uall [61ms]
2026-08-16 01:46:02.691 [info] > git check-ignore -v -z --stdin [13ms]
2026-08-16 01:46:02.691 [info] > git check-ignore -v -z --stdin [5ms]
2026-08-16 01:46:03.614 [info] > git config --get commit.template [5ms]
2026-08-16 01:46:03.615 [info] > git for-each-ref --format=%(refname)%00%(upstream:short)%00%(objectname)%00%(upstream:track)%00%(upstream:remotename)%00%(upstream:remoteref) refs/heads/main refs/remotes/main [1ms]
2026-08-16 01:46:03.615 [warning] [Git][getBranch] No such branch: main
2026-08-16 01:46:03.623 [info] > git for-each-ref --sort -committerdate --format %(refname)%00%(objectname)%00%(*objectname) [1ms]
2026-08-16 01:46:03.682 [info] > git status -z -uall [63ms]
2026-08-16 01:46:04.133 [info] > git check-ignore -v -z --stdin [12ms]
2026-08-16 01:46:04.134 [info] > git check-ignore -v -z --stdin [5ms]
2026-08-16 01:46:07.225 [info] > git ls-files --stage -- hypr/hyprland.lua [6ms]
2026-08-16 01:46:07.230 [info] > git ls-files --stage -- waybar/style.css [6ms]
2026-08-16 01:46:07.234 [info] > git cat-file -s 86588f74d0bb4bb4310c7869696bb820cff7093a [5ms]
2026-08-16 01:46:07.235 [info] > git cat-file -s 4e421d7e43c43fdd4b4e90b3da5fa96807c903d0 [1ms]
2026-08-16 01:46:07.246 [info] > git show --textconv :hypr/hyprland.lua [6ms]
2026-08-16 01:46:07.246 [info] > git show --textconv :waybar/style.css [1ms]
2026-08-16 01:46:07.264 [info] > git config --get commit.template [5ms]
2026-08-16 01:46:07.264 [info] > git for-each-ref --format=%(refname)%00%(upstream:short)%00%(objectname)%00%(upstream:track)%00%(upstream:remotename)%00%(upstream:remoteref) refs/heads/main refs/remotes/main [0ms]
2026-08-16 01:46:07.264 [warning] [Git][getBranch] No such branch: main
2026-08-16 01:46:07.273 [info] > git for-each-ref --sort -committerdate --format %(refname)%00%(objectname)%00%(*objectname) [1ms]
2026-08-16 01:46:07.333 [info] > git status -z -uall [65ms]
2026-08-16 01:46:07.795 [info] > git check-ignore -v -z --stdin [15ms]
2026-08-16 01:46:07.795 [info] > git check-ignore -v -z --stdin [5ms]
2026-08-16 01:46:13.828 [info] > git config --get commit.template [6ms]
2026-08-16 01:46:13.828 [info] > git for-each-ref --format=%(refname)%00%(upstream:short)%00%(objectname)%00%(upstream:track)%00%(upstream:remotename)%00%(upstream:remoteref) refs/heads/main refs/remotes/main [1ms]
2026-08-16 01:46:13.828 [warning] [Git][getBranch] No such branch: main
2026-08-16 01:46:13.838 [info] > git for-each-ref --sort -committerdate --format %(refname)%00%(objectname)%00%(*objectname) [1ms]
2026-08-16 01:46:13.899 [info] > git status -z -uall [67ms]
2026-08-16 01:46:14.351 [info] > git check-ignore -v -z --stdin [10ms]
2026-08-16 01:46:14.359 [info] > git check-ignore -v -z --stdin [7ms]
2026-08-16 01:46:18.925 [info] > git config --get commit.template [4ms]
2026-08-16 01:46:18.925 [info] > git for-each-ref --format=%(refname)%00%(upstream:short)%00%(objectname)%00%(upstream:track)%00%(upstream:remotename)%00%(upstream:remoteref) refs/heads/main refs/remotes/main [0ms]
2026-08-16 01:46:18.925 [warning] [Git][getBranch] No such branch: main
2026-08-16 01:46:18.933 [info] > git for-each-ref --sort -committerdate --format %(refname)%00%(objectname)%00%(*objectname) [0ms]
2026-08-16 01:46:18.993 [info] > git status -z -uall [64ms]
2026-08-16 01:46:19.446 [info] > git check-ignore -v -z --stdin [12ms]
2026-08-16 01:46:19.446 [info] > git check-ignore -v -z --stdin [4ms]
2026-08-16 01:46:24.015 [info] > git config --get commit.template [1ms]
2026-08-16 01:46:24.020 [info] > git for-each-ref --format=%(refname)%00%(upstream:short)%00%(objectname)%00%(upstream:track)%00%(upstream:remotename)%00%(upstream:remoteref) refs/heads/main refs/remotes/main [0ms]
2026-08-16 01:46:24.020 [warning] [Git][getBranch] No such branch: main
2026-08-16 01:46:24.029 [info] > git for-each-ref --sort -committerdate --format %(refname)%00%(objectname)%00%(*objectname) [0ms]
2026-08-16 01:46:24.088 [info] > git status -z -uall [64ms]
2026-08-16 01:46:24.545 [info] > git check-ignore -v -z --stdin [10ms]
2026-08-16 01:46:24.545 [info] > git check-ignore -v -z --stdin [1ms]
2026-08-16 01:46:26.913 [info] > git push [0ms]
2026-08-16 01:46:26.913 [info] fatal: The current branch main has no upstream branch.
To push the current branch and set the remote as upstream, use

    git push --set-upstream origin main

To have this happen automatically for branches without a tracking
upstream, see 'push.autoSetupRemote' in 'git help config'.
2026-08-16 01:46:26.924 [info] > git config --get commit.template [5ms]
2026-08-16 01:46:26.924 [info] > git for-each-ref --format=%(refname)%00%(upstream:short)%00%(objectname)%00%(upstream:track)%00%(upstream:remotename)%00%(upstream:remoteref) refs/heads/main refs/remotes/main [1ms]
2026-08-16 01:46:26.924 [warning] [Git][getBranch] No such branch: main
2026-08-16 01:46:26.933 [info] > git for-each-ref --sort -committerdate --format %(refname)%00%(objectname)%00%(*objectname) [0ms]
2026-08-16 01:46:26.989 [info] > git status -z -uall [61ms]
2026-08-16 01:46:27.442 [info] > git check-ignore -v -z --stdin [12ms]
2026-08-16 01:46:27.442 [info] > git check-ignore -v -z --stdin [8ms]
2026-08-16 01:46:28.293 [info] > git push -u origin main [7ms]
2026-08-16 01:46:28.293 [info] error: src refspec main does not match any
error: failed to push some refs to 'https://github.com/Darkitsuki/.config.git'
2026-08-16 01:46:28.306 [info] > git config --get commit.template [7ms]
2026-08-16 01:46:28.306 [info] > git for-each-ref --format=%(refname)%00%(upstream:short)%00%(objectname)%00%(upstream:track)%00%(upstream:remotename)%00%(upstream:remoteref) refs/heads/main refs/remotes/main [1ms]
2026-08-16 01:46:28.306 [warning] [Git][getBranch] No such branch: main
2026-08-16 01:46:28.314 [info] > git for-each-ref --sort -committerdate --format %(refname)%00%(objectname)%00%(*objectname) [0ms]
2026-08-16 01:46:28.372 [info] > git status -z -uall [62ms]
2026-08-16 01:46:28.824 [info] > git check-ignore -v -z --stdin [14ms]
2026-08-16 01:46:28.824 [info] > git check-ignore -v -z --stdin [4ms]
2026-08-16 01:46:30.480 [info] > git config --get commit.template [5ms]
2026-08-16 01:46:30.481 [info] > git for-each-ref --format=%(refname)%00%(upstream:short)%00%(objectname)%00%(upstream:track)%00%(upstream:remotename)%00%(upstream:remoteref) refs/heads/main refs/remotes/main [1ms]
2026-08-16 01:46:30.481 [warning] [Git][getBranch] No such branch: main
2026-08-16 01:46:30.492 [info] > git for-each-ref --sort -committerdate --format %(refname)%00%(objectname)%00%(*objectname) [1ms]
2026-08-16 01:46:30.550 [info] > git status -z -uall [64ms]
2026-08-16 01:46:31.005 [info] > git check-ignore -v -z --stdin [10ms]
2026-08-16 01:46:31.005 [info] > git check-ignore -v -z --stdin [5ms]
2026-08-16 01:46:32.499 [info] > git log --oneline --cherry main...main@{upstream} -- [1ms]
2026-08-16 01:46:32.499 [info] fatal: no such branch: 'main...main'
2026-08-16 01:46:33.267 [info] > git pull --tags [762ms]
2026-08-16 01:46:33.268 [info] There is no tracking information for the current branch.
Please specify which branch you want to merge with.
See git-pull(1) for details.

    git pull <remote> <branch>

If you wish to set tracking information for this branch you can do so with:

    git branch --set-upstream-to=origin/<branch> main
2026-08-16 01:46:33.279 [info] > git config --get commit.template [6ms]
2026-08-16 01:46:33.279 [info] > git for-each-ref --format=%(refname)%00%(upstream:short)%00%(objectname)%00%(upstream:track)%00%(upstream:remotename)%00%(upstream:remoteref) refs/heads/main refs/remotes/main [1ms]
2026-08-16 01:46:33.279 [warning] [Git][getBranch] No such branch: main
2026-08-16 01:46:33.289 [info] > git for-each-ref --sort -committerdate --format %(refname)%00%(objectname)%00%(*objectname) [1ms]
2026-08-16 01:46:33.346 [info] > git status -z -uall [63ms]
2026-08-16 01:46:33.686 [info] > git ls-files --stage -- hypr/hyprland.lua [4ms]
2026-08-16 01:46:33.692 [info] > git ls-files --stage -- waybar/style.css [6ms]
2026-08-16 01:46:33.697 [info] > git cat-file -s 86588f74d0bb4bb4310c7869696bb820cff7093a [6ms]
2026-08-16 01:46:33.697 [info] > git cat-file -s 4e421d7e43c43fdd4b4e90b3da5fa96807c903d0 [1ms]
2026-08-16 01:46:33.708 [info] > git show --textconv :hypr/hyprland.lua [5ms]
2026-08-16 01:46:33.709 [info] > git show --textconv :waybar/style.css [1ms]
2026-08-16 01:46:33.796 [info] > git check-ignore -v -z --stdin [13ms]
2026-08-16 01:46:33.796 [info] > git check-ignore -v -z --stdin [5ms]
2026-08-16 01:46:35.682 [info] > git config --get commit.template [6ms]
2026-08-16 01:46:35.682 [info] > git for-each-ref --format=%(refname)%00%(upstream:short)%00%(objectname)%00%(upstream:track)%00%(upstream:remotename)%00%(upstream:remoteref) refs/heads/main refs/remotes/main [1ms]
2026-08-16 01:46:35.682 [warning] [Git][getBranch] No such branch: main
2026-08-16 01:46:35.692 [info] > git for-each-ref --sort -committerdate --format %(refname)%00%(objectname)%00%(*objectname) [0ms]
2026-08-16 01:46:35.751 [info] > git status -z -uall [64ms]
2026-08-16 01:46:36.202 [info] > git check-ignore -v -z --stdin [16ms]
2026-08-16 01:46:36.203 [info] > git check-ignore -v -z --stdin [7ms]
2026-08-16 01:46:40.773 [info] > git config --get commit.template [6ms]
2026-08-16 01:46:40.773 [info] > git for-each-ref --format=%(refname)%00%(upstream:short)%00%(objectname)%00%(upstream:track)%00%(upstream:remotename)%00%(upstream:remoteref) refs/heads/main refs/remotes/main [1ms]
2026-08-16 01:46:40.773 [warning] [Git][getBranch] No such branch: main
2026-08-16 01:46:40.783 [info] > git for-each-ref --sort -committerdate --format %(refname)%00%(objectname)%00%(*objectname) [1ms]
2026-08-16 01:46:40.838 [info] > git status -z -uall [61ms]
2026-08-16 01:46:41.291 [info] > git check-ignore -v -z --stdin [14ms]
2026-08-16 01:46:41.291 [info] > git check-ignore -v -z --stdin [5ms]
2026-08-16 01:46:45.855 [info] > git config --get commit.template [1ms]
2026-08-16 01:46:45.860 [info] > git for-each-ref --format=%(refname)%00%(upstream:short)%00%(objectname)%00%(upstream:track)%00%(upstream:remotename)%00%(upstream:remoteref) refs/heads/main refs/remotes/main [1ms]
2026-08-16 01:46:45.860 [warning] [Git][getBranch] No such branch: main
2026-08-16 01:46:45.868 [info] > git for-each-ref --sort -committerdate --format %(refname)%00%(objectname)%00%(*objectname) [1ms]
2026-08-16 01:46:45.926 [info] > git status -z -uall [63ms]
2026-08-16 01:46:46.374 [info] > git check-ignore -v -z --stdin [13ms]
2026-08-16 01:46:46.374 [info] > git check-ignore -v -z --stdin [4ms]
2026-08-16 01:46:48.318 [info] > git for-each-ref --sort -committerdate --format %(refname)%00%(objectname)%00%(*objectname)%00%(parent)%00%(*parent)%00%(authorname)%00%(*authorname)%00%(committerdate:unix)%00%(*committerdate:unix)%00%(subject)%00%(*subject)%00%(upstream:track) [0ms]
2026-08-16 01:46:50.947 [info] > git config --get commit.template [0ms]
2026-08-16 01:46:50.952 [info] > git for-each-ref --format=%(refname)%00%(upstream:short)%00%(objectname)%00%(upstream:track)%00%(upstream:remotename)%00%(upstream:remoteref) refs/heads/main refs/remotes/main [1ms]
2026-08-16 01:46:50.952 [warning] [Git][getBranch] No such branch: main
2026-08-16 01:46:50.961 [info] > git for-each-ref --sort -committerdate --format %(refname)%00%(objectname)%00%(*objectname) [2ms]
2026-08-16 01:46:51.019 [info] > git status -z -uall [63ms]
2026-08-16 01:46:51.467 [info] > git check-ignore -v -z --stdin [13ms]
2026-08-16 01:46:51.467 [info] > git check-ignore -v -z --stdin [8ms]
2026-08-16 01:46:51.478 [info] > git for-each-ref --sort -committerdate --format %(refname)%00%(objectname)%00%(*objectname)%00%(parent)%00%(*parent)%00%(authorname)%00%(*authorname)%00%(committerdate:unix)%00%(*committerdate:unix)%00%(subject)%00%(*subject)%00%(upstream:track) [1ms]
2026-08-16 01:46:56.046 [info] > git config --get commit.template [5ms]
2026-08-16 01:46:56.046 [info] > git for-each-ref --format=%(refname)%00%(upstream:short)%00%(objectname)%00%(upstream:track)%00%(upstream:remotename)%00%(upstream:remoteref) refs/heads/main refs/remotes/main [1ms]
2026-08-16 01:46:56.056 [warning] [Git][getBranch] No such branch: main
2026-08-16 01:46:56.064 [info] > git for-each-ref --sort -committerdate --format %(refname)%00%(objectname)%00%(*objectname) [1ms]
2026-08-16 01:46:56.121 [info] > git status -z -uall [61ms]
2026-08-16 01:46:56.578 [info] > git check-ignore -v -z --stdin [14ms]
2026-08-16 01:46:56.579 [info] > git check-ignore -v -z --stdin [6ms]
2026-08-16 01:46:58.085 [info] > git -c user.useConfigOnly=true commit --quiet [62ms]
2026-08-16 01:46:58.085 [info] Author identity unknown

*** Please tell me who you are.

Run

  git config --global user.email "you@example.com"
  git config --global user.name "Your Name"

to set your account's default identity.
Omit --global to set the identity only in this repository.

fatal: no email was given and auto-detection is disabled
2026-08-16 01:46:58.090 [info] > git config --get-all user.name [0ms]
2026-08-16 01:46:58.099 [info] > git config --get commit.template [4ms]
2026-08-16 01:46:58.099 [info] > git for-each-ref --format=%(refname)%00%(upstream:short)%00%(objectname)%00%(upstream:track)%00%(upstream:remotename)%00%(upstream:remoteref) refs/heads/main refs/remotes/main [1ms]
2026-08-16 01:46:58.099 [warning] [Git][getBranch] No such branch: main
2026-08-16 01:46:58.107 [info] > git for-each-ref --sort -committerdate --format %(refname)%00%(objectname)%00%(*objectname) [0ms]
2026-08-16 01:46:58.167 [info] > git status -z -uall [64ms]
2026-08-16 01:46:58.629 [info] > git check-ignore -v -z --stdin [15ms]
2026-08-16 01:46:58.629 [info] > git check-ignore -v -z --stdin [4ms]
2026-08-16 01:47:00.055 [info] > git ls-files --stage -- hypr/hyprland.lua [5ms]
2026-08-16 01:47:00.060 [info] > git ls-files --stage -- waybar/style.css [5ms]
2026-08-16 01:47:00.063 [info] > git cat-file -s 86588f74d0bb4bb4310c7869696bb820cff7093a [4ms]
2026-08-16 01:47:00.064 [info] > git cat-file -s 4e421d7e43c43fdd4b4e90b3da5fa96807c903d0 [1ms]
2026-08-16 01:47:00.073 [info] > git show --textconv :hypr/hyprland.lua [5ms]
2026-08-16 01:47:00.074 [info] > git show --textconv :waybar/style.css [1ms]
2026-08-16 01:47:01.146 [info] > git config --get commit.template [4ms]
2026-08-16 01:47:01.147 [info] > git for-each-ref --format=%(refname)%00%(upstream:short)%00%(objectname)%00%(upstream:track)%00%(upstream:remotename)%00%(upstream:remoteref) refs/heads/main refs/remotes/main [1ms]
2026-08-16 01:47:01.147 [warning] [Git][getBranch] No such branch: main
2026-08-16 01:47:01.155 [info] > git for-each-ref --sort -committerdate --format %(refname)%00%(objectname)%00%(*objectname) [1ms]
2026-08-16 01:47:01.210 [info] > git status -z -uall [60ms]
2026-08-16 01:47:01.666 [info] > git check-ignore -v -z --stdin [14ms]
2026-08-16 01:47:01.666 [info] > git check-ignore -v -z --stdin [4ms]
2026-08-16 01:47:02.175 [info] > git log --format=%H%n%aN%n%aE%n%at%n%ct%n%P%n%D%n%B -z --shortstat --diff-merges=first-parent -n50 --skip=0 --topo-order --decorate=full --stdin [1ms]
2026-08-16 01:47:02.175 [info] fatal: bad revision 'refs/heads/main'
2026-08-16 01:47:02.176 [error] [GitHistoryProvider][provideHistoryItems] Failed to get history items with options '{"historyItemRefs":["refs/heads/main"],"limit":50,"skip":0}': Failed to execute git {
  "exitCode": 128,
  "gitCommand": "log",
  "stdout": "",
  "stderr": "fatal: bad revision 'refs/heads/main'\n"
}
2026-08-16 01:47:06.238 [info] > git config --get commit.template [5ms]
2026-08-16 01:47:06.239 [info] > git for-each-ref --format=%(refname)%00%(upstream:short)%00%(objectname)%00%(upstream:track)%00%(upstream:remotename)%00%(upstream:remoteref) refs/heads/main refs/remotes/main [1ms]
2026-08-16 01:47:06.239 [warning] [Git][getBranch] No such branch: main
2026-08-16 01:47:06.247 [info] > git for-each-ref --sort -committerdate --format %(refname)%00%(objectname)%00%(*objectname) [1ms]
2026-08-16 01:47:06.306 [info] > git status -z -uall [64ms]
2026-08-16 01:47:06.762 [info] > git check-ignore -v -z --stdin [13ms]
2026-08-16 01:47:06.762 [info] > git check-ignore -v -z --stdin [9ms]
2026-08-16 01:47:08.694 [info] > git show --textconv :xsettingsd/xsettingsd.conf [7ms]
2026-08-16 01:47:08.694 [info] > git ls-files --stage -- xsettingsd/xsettingsd.conf [1ms]
2026-08-16 01:47:08.700 [info] > git cat-file -s cd82f3fdb8fbd03aeab02855842f73a3df62db8d [1ms]
2026-08-16 01:47:09.199 [info] > git check-ignore -v -z --stdin [1ms]
2026-08-16 01:47:11.328 [info] > git config --get commit.template [0ms]
2026-08-16 01:47:11.334 [info] > git for-each-ref --format=%(refname)%00%(upstream:short)%00%(objectname)%00%(upstream:track)%00%(upstream:remotename)%00%(upstream:remoteref) refs/heads/main refs/remotes/main [1ms]
2026-08-16 01:47:11.334 [warning] [Git][getBranch] No such branch: main
2026-08-16 01:47:11.343 [info] > git for-each-ref --sort -committerdate --format %(refname)%00%(objectname)%00%(*objectname) [1ms]
2026-08-16 01:47:11.399 [info] > git status -z -uall [61ms]
2026-08-16 01:47:11.842 [info] > git check-ignore -v -z --stdin [2ms]
2026-08-16 01:47:12.998 [info] > git check-ignore -v -z --stdin [3ms]
2026-08-16 01:47:13.018 [info] > git show --textconv :waybar/style.css [12ms]
2026-08-16 01:47:13.018 [info] > git show --textconv HEAD:waybar/style.css [8ms]
2026-08-16 01:47:13.018 [info] > git ls-files --stage -- waybar/style.css [4ms]
2026-08-16 01:47:13.022 [warning] [GitFileSystemProvider][readFile] File not found - git:/home/HoaHung/.config/waybar/style.css.git?%7B%22path%22%3A%22%2Fhome%2FHoaHung%2F.config%2Fwaybar%2Fstyle.css%22%2C%22ref%22%3A%22HEAD%22%7D
2026-08-16 01:47:13.023 [info] > git ls-tree -l HEAD -- waybar/style.css [6ms]
2026-08-16 01:47:13.023 [info] fatal: Not a valid object name HEAD
2026-08-16 01:47:13.023 [warning] [GitFileSystemProvider][stat] File not found - git:/home/HoaHung/.config/waybar/style.css.git?%7B%22path%22%3A%22%2Fhome%2FHoaHung%2F.config%2Fwaybar%2Fstyle.css%22%2C%22ref%22%3A%22HEAD%22%7D
2026-08-16 01:47:13.023 [info] > git cat-file -s 4e421d7e43c43fdd4b4e90b3da5fa96807c903d0 [1ms]
2026-08-16 01:47:16.422 [info] > git config --get commit.template [1ms]
2026-08-16 01:47:16.428 [info] > git for-each-ref --format=%(refname)%00%(upstream:short)%00%(objectname)%00%(upstream:track)%00%(upstream:remotename)%00%(upstream:remoteref) refs/heads/main refs/remotes/main [1ms]
2026-08-16 01:47:16.428 [warning] [Git][getBranch] No such branch: main
2026-08-16 01:47:16.438 [info] > git for-each-ref --sort -committerdate --format %(refname)%00%(objectname)%00%(*objectname) [1ms]
2026-08-16 01:47:16.495 [info] > git status -z -uall [63ms]
2026-08-16 01:47:16.938 [info] > git check-ignore -v -z --stdin [4ms]
2026-08-16 01:47:16.952 [info] > git check-ignore -v -z --stdin [7ms]
2026-08-16 01:47:21.516 [info] > git config --get commit.template [5ms]
2026-08-16 01:47:21.516 [info] > git for-each-ref --format=%(refname)%00%(upstream:short)%00%(objectname)%00%(upstream:track)%00%(upstream:remotename)%00%(upstream:remoteref) refs/heads/main refs/remotes/main [1ms]
2026-08-16 01:47:21.516 [warning] [Git][getBranch] No such branch: main
2026-08-16 01:47:21.525 [info] > git for-each-ref --sort -committerdate --format %(refname)%00%(objectname)%00%(*objectname) [1ms]
2026-08-16 01:47:21.584 [info] > git status -z -uall [64ms]
2026-08-16 01:47:22.025 [info] > git check-ignore -v -z --stdin [4ms]
2026-08-16 01:47:22.035 [info] > git check-ignore -v -z --stdin [5ms]
2026-08-16 01:47:26.609 [info] > git config --get commit.template [5ms]
2026-08-16 01:47:26.609 [info] > git for-each-ref --format=%(refname)%00%(upstream:short)%00%(objectname)%00%(upstream:track)%00%(upstream:remotename)%00%(upstream:remoteref) refs/heads/main refs/remotes/main [1ms]
2026-08-16 01:47:26.609 [warning] [Git][getBranch] No such branch: main
2026-08-16 01:47:26.618 [info] > git for-each-ref --sort -committerdate --format %(refname)%00%(objectname)%00%(*objectname) [0ms]
2026-08-16 01:47:26.674 [info] > git status -z -uall [61ms]
2026-08-16 01:47:27.121 [info] > git check-ignore -v -z --stdin [7ms]
2026-08-16 01:47:27.132 [info] > git check-ignore -v -z --stdin [5ms]
2026-08-16 01:47:29.182 [info] > git check-ignore -v -z --stdin [1ms]
2026-08-16 01:47:30.493 [info] > git check-ignore -v -z --stdin [1ms]
2026-08-16 01:47:31.697 [info] > git config --get commit.template [5ms]
2026-08-16 01:47:31.698 [info] > git for-each-ref --format=%(refname)%00%(upstream:short)%00%(objectname)%00%(upstream:track)%00%(upstream:remotename)%00%(upstream:remoteref) refs/heads/main refs/remotes/main [1ms]
2026-08-16 01:47:31.698 [warning] [Git][getBranch] No such branch: main
2026-08-16 01:47:31.708 [info] > git for-each-ref --sort -committerdate --format %(refname)%00%(objectname)%00%(*objectname) [1ms]
2026-08-16 01:47:31.763 [info] > git status -z -uall [60ms]
2026-08-16 01:47:32.215 [info] > git check-ignore -v -z --stdin [4ms]
2026-08-16 01:47:32.225 [info] > git check-ignore -v -z --stdin [4ms]
2026-08-16 01:47:36.786 [info] > git for-each-ref --format=%(refname)%00%(upstream:short)%00%(objectname)%00%(upstream:track)%00%(upstream:remotename)%00%(upstream:remoteref) refs/heads/main refs/remotes/main [1ms]
2026-08-16 01:47:36.786 [warning] [Git][getBranch] No such branch: main
2026-08-16 01:47:36.786 [info] > git config --get commit.template [6ms]
2026-08-16 01:47:36.796 [info] > git for-each-ref --sort -committerdate --format %(refname)%00%(objectname)%00%(*objectname) [0ms]
2026-08-16 01:47:36.853 [info] > git status -z -uall [63ms]
2026-08-16 01:47:37.298 [info] > git check-ignore -v -z --stdin [4ms]
2026-08-16 01:47:37.308 [info] > git check-ignore -v -z --stdin [4ms]
2026-08-16 01:47:41.876 [info] > git config --get commit.template [5ms]
2026-08-16 01:47:41.877 [info] > git for-each-ref --format=%(refname)%00%(upstream:short)%00%(objectname)%00%(upstream:track)%00%(upstream:remotename)%00%(upstream:remoteref) refs/heads/main refs/remotes/main [1ms]
2026-08-16 01:47:41.877 [warning] [Git][getBranch] No such branch: main
2026-08-16 01:47:41.886 [info] > git for-each-ref --sort -committerdate --format %(refname)%00%(objectname)%00%(*objectname) [0ms]
2026-08-16 01:47:41.946 [info] > git status -z -uall [65ms]
2026-08-16 01:47:42.404 [info] > git check-ignore -v -z --stdin [14ms]
2026-08-16 01:47:42.404 [info] > git check-ignore -v -z --stdin [4ms]
2026-08-16 01:47:46.965 [info] > git config --get commit.template [1ms]
2026-08-16 01:47:46.970 [info] > git for-each-ref --format=%(refname)%00%(upstream:short)%00%(objectname)%00%(upstream:track)%00%(upstream:remotename)%00%(upstream:remoteref) refs/heads/main refs/remotes/main [1ms]
2026-08-16 01:47:46.970 [warning] [Git][getBranch] No such branch: main
2026-08-16 01:47:46.981 [info] > git for-each-ref --sort -committerdate --format %(refname)%00%(objectname)%00%(*objectname) [0ms]
2026-08-16 01:47:47.037 [info] > git status -z -uall [63ms]
2026-08-16 01:47:47.481 [info] > git check-ignore -v -z --stdin [5ms]
2026-08-16 01:47:47.511 [info] > git check-ignore -v -z --stdin [5ms]
2026-08-16 01:47:52.061 [info] > git config --get commit.template [6ms]
2026-08-16 01:47:52.061 [info] > git for-each-ref --format=%(refname)%00%(upstream:short)%00%(objectname)%00%(upstream:track)%00%(upstream:remotename)%00%(upstream:remoteref) refs/heads/main refs/remotes/main [1ms]
2026-08-16 01:47:52.061 [warning] [Git][getBranch] No such branch: main
2026-08-16 01:47:52.071 [info] > git for-each-ref --sort -committerdate --format %(refname)%00%(objectname)%00%(*objectname) [1ms]
2026-08-16 01:47:52.126 [info] > git status -z -uall [60ms]
2026-08-16 01:47:52.574 [info] > git check-ignore -v -z --stdin [5ms]
2026-08-16 01:47:52.585 [info] > git check-ignore -v -z --stdin [5ms]
2026-08-16 01:47:57.148 [info] > git config --get commit.template [5ms]
2026-08-16 01:47:57.149 [info] > git for-each-ref --format=%(refname)%00%(upstream:short)%00%(objectname)%00%(upstream:track)%00%(upstream:remotename)%00%(upstream:remoteref) refs/heads/main refs/remotes/main [1ms]
2026-08-16 01:47:57.149 [warning] [Git][getBranch] No such branch: main
2026-08-16 01:47:57.158 [info] > git for-each-ref --sort -committerdate --format %(refname)%00%(objectname)%00%(*objectname) [1ms]
2026-08-16 01:47:57.213 [info] > git status -z -uall [60ms]
2026-08-16 01:47:57.665 [info] > git check-ignore -v -z --stdin [6ms]
2026-08-16 01:47:57.676 [info] > git check-ignore -v -z --stdin [5ms]
2026-08-16 01:47:57.747 [info] > git push [1ms]
2026-08-16 01:47:57.747 [info] fatal: The current branch main has no upstream branch.
To push the current branch and set the remote as upstream, use

    git push --set-upstream origin main

To have this happen automatically for branches without a tracking
upstream, see 'push.autoSetupRemote' in 'git help config'.
2026-08-16 01:47:57.757 [info] > git config --get commit.template [5ms]
2026-08-16 01:47:57.757 [info] > git for-each-ref --format=%(refname)%00%(upstream:short)%00%(objectname)%00%(upstream:track)%00%(upstream:remotename)%00%(upstream:remoteref) refs/heads/main refs/remotes/main [1ms]
2026-08-16 01:47:57.757 [warning] [Git][getBranch] No such branch: main
2026-08-16 01:47:57.766 [info] > git for-each-ref --sort -committerdate --format %(refname)%00%(objectname)%00%(*objectname) [0ms]
2026-08-16 01:47:57.822 [info] > git status -z -uall [61ms]
2026-08-16 01:47:58.270 [info] > git check-ignore -v -z --stdin [4ms]
2026-08-16 01:47:58.281 [info] > git check-ignore -v -z --stdin [5ms]
2026-08-16 01:47:59.071 [info] > git push -u origin main [6ms]
2026-08-16 01:47:59.071 [info] error: src refspec main does not match any
error: failed to push some refs to 'https://github.com/Darkitsuki/.config.git'
2026-08-16 01:47:59.084 [info] > git config --get commit.template [6ms]
2026-08-16 01:47:59.085 [info] > git for-each-ref --format=%(refname)%00%(upstream:short)%00%(objectname)%00%(upstream:track)%00%(upstream:remotename)%00%(upstream:remoteref) refs/heads/main refs/remotes/main [1ms]
2026-08-16 01:47:59.085 [warning] [Git][getBranch] No such branch: main
2026-08-16 01:47:59.097 [info] > git for-each-ref --sort -committerdate --format %(refname)%00%(objectname)%00%(*objectname) [1ms]
2026-08-16 01:47:59.156 [info] > git status -z -uall [66ms]
2026-08-16 01:47:59.615 [info] > git check-ignore -v -z --stdin [10ms]
2026-08-16 01:47:59.615 [info] > git check-ignore -v -z --stdin [5ms]
2026-08-16 01:48:02.312 [info] > git config --get commit.template [5ms]
2026-08-16 01:48:02.313 [info] > git for-each-ref --format=%(refname)%00%(upstream:short)%00%(objectname)%00%(upstream:track)%00%(upstream:remotename)%00%(upstream:remoteref) refs/heads/main refs/remotes/main [1ms]
2026-08-16 01:48:02.313 [warning] [Git][getBranch] No such branch: main
2026-08-16 01:48:02.324 [info] > git for-each-ref --sort -committerdate --format %(refname)%00%(objectname)%00%(*objectname) [1ms]
2026-08-16 01:48:02.378 [info] > git status -z -uall [61ms]
2026-08-16 01:48:02.825 [info] > git check-ignore -v -z --stdin [8ms]
2026-08-16 01:48:02.835 [info] > git for-each-ref --sort -committerdate --format %(refname)%00%(objectname)%00%(*objectname)%00%(parent)%00%(*parent)%00%(authorname)%00%(*authorname)%00%(committerdate:unix)%00%(*committerdate:unix)%00%(subject)%00%(*subject)%00%(upstream:track) [14ms]
2026-08-16 01:48:02.836 [info] > git check-ignore -v -z --stdin [5ms]
2026-08-16 01:48:07.401 [info] > git config --get commit.template [5ms]
2026-08-16 01:48:07.401 [info] > git for-each-ref --format=%(refname)%00%(upstream:short)%00%(objectname)%00%(upstream:track)%00%(upstream:remotename)%00%(upstream:remoteref) refs/heads/main refs/remotes/main [0ms]
2026-08-16 01:48:07.402 [warning] [Git][getBranch] No such branch: main
2026-08-16 01:48:07.411 [info] > git for-each-ref --sort -committerdate --format %(refname)%00%(objectname)%00%(*objectname) [1ms]
2026-08-16 01:48:07.473 [info] > git status -z -uall [66ms]
2026-08-16 01:48:07.925 [info] > git check-ignore -v -z --stdin [14ms]
2026-08-16 01:48:07.926 [info] > git check-ignore -v -z --stdin [5ms]
2026-08-16 01:48:12.501 [info] > git config --get commit.template [6ms]
2026-08-16 01:48:12.501 [info] > git for-each-ref --format=%(refname)%00%(upstream:short)%00%(objectname)%00%(upstream:track)%00%(upstream:remotename)%00%(upstream:remoteref) refs/heads/main refs/remotes/main [1ms]
2026-08-16 01:48:12.501 [warning] [Git][getBranch] No such branch: main
2026-08-16 01:48:12.510 [info] > git for-each-ref --sort -committerdate --format %(refname)%00%(objectname)%00%(*objectname) [0ms]
2026-08-16 01:48:12.573 [info] > git status -z -uall [67ms]
2026-08-16 01:48:13.021 [info] > git check-ignore -v -z --stdin [6ms]
2026-08-16 01:48:13.031 [info] > git check-ignore -v -z --stdin [4ms]
2026-08-16 01:48:17.600 [info] > git config --get commit.template [6ms]
2026-08-16 01:48:17.600 [info] > git for-each-ref --format=%(refname)%00%(upstream:short)%00%(objectname)%00%(upstream:track)%00%(upstream:remotename)%00%(upstream:remoteref) refs/heads/main refs/remotes/main [0ms]
2026-08-16 01:48:17.600 [warning] [Git][getBranch] No such branch: main
2026-08-16 01:48:17.610 [info] > git for-each-ref --sort -committerdate --format %(refname)%00%(objectname)%00%(*objectname) [1ms]
2026-08-16 01:48:17.668 [info] > git status -z -uall [63ms]
2026-08-16 01:48:18.121 [info] > git check-ignore -v -z --stdin [7ms]
2026-08-16 01:48:18.131 [info] > git check-ignore -v -z --stdin [5ms]
2026-08-16 01:48:24.858 [info] > git config --get commit.template [6ms]
2026-08-16 01:48:24.858 [info] > git for-each-ref --format=%(refname)%00%(upstream:short)%00%(objectname)%00%(upstream:track)%00%(upstream:remotename)%00%(upstream:remoteref) refs/heads/main refs/remotes/main [1ms]
2026-08-16 01:48:24.858 [warning] [Git][getBranch] No such branch: main
2026-08-16 01:48:24.868 [info] > git for-each-ref --sort -committerdate --format %(refname)%00%(objectname)%00%(*objectname) [0ms]
2026-08-16 01:48:24.925 [info] > git status -z -uall [62ms]
2026-08-16 01:48:25.379 [info] > git check-ignore -v -z --stdin [13ms]
2026-08-16 01:48:25.380 [info] > git check-ignore -v -z --stdin [5ms]
2026-08-16 01:48:47.315 [info] > git config --get commit.template [5ms]
2026-08-16 01:48:47.315 [info] > git for-each-ref --format=%(refname)%00%(upstream:short)%00%(objectname)%00%(upstream:track)%00%(upstream:remotename)%00%(upstream:remoteref) refs/heads/main refs/remotes/main [1ms]
2026-08-16 01:48:47.315 [warning] [Git][getBranch] No such branch: main
2026-08-16 01:48:47.326 [info] > git for-each-ref --sort -committerdate --format %(refname)%00%(objectname)%00%(*objectname) [1ms]
2026-08-16 01:48:47.383 [info] > git status -z -uall [63ms]
2026-08-16 01:48:47.845 [info] > git check-ignore -v -z --stdin [4ms]
2026-08-16 01:48:47.856 [info] > git check-ignore -v -z --stdin [5ms]
2026-08-16 01:48:52.410 [info] > git config --get commit.template [6ms]
2026-08-16 01:48:52.410 [info] > git for-each-ref --format=%(refname)%00%(upstream:short)%00%(objectname)%00%(upstream:track)%00%(upstream:remotename)%00%(upstream:remoteref) refs/heads/main refs/remotes/main [1ms]
2026-08-16 01:48:52.410 [warning] [Git][getBranch] No such branch: main
2026-08-16 01:48:52.422 [info] > git for-each-ref --sort -committerdate --format %(refname)%00%(objectname)%00%(*objectname) [1ms]
2026-08-16 01:48:52.484 [info] > git status -z -uall [68ms]
2026-08-16 01:48:52.938 [info] > git check-ignore -v -z --stdin [10ms]
2026-08-16 01:48:52.943 [info] > git check-ignore -v -z --stdin [5ms]
2026-08-16 01:48:57.504 [info] > git config --get commit.template [0ms]
2026-08-16 01:48:57.510 [info] > git for-each-ref --format=%(refname)%00%(upstream:short)%00%(objectname)%00%(upstream:track)%00%(upstream:remotename)%00%(upstream:remoteref) refs/heads/main refs/remotes/main [0ms]
2026-08-16 01:48:57.510 [warning] [Git][getBranch] No such branch: main
2026-08-16 01:48:57.520 [info] > git for-each-ref --sort -committerdate --format %(refname)%00%(objectname)%00%(*objectname) [0ms]
2026-08-16 01:48:57.578 [info] > git status -z -uall [63ms]
2026-08-16 01:48:58.029 [info] > git check-ignore -v -z --stdin [4ms]
2026-08-16 01:48:58.039 [info] > git check-ignore -v -z --stdin [5ms]
2026-08-16 01:49:44.161 [info] > git config --get commit.template [6ms]
2026-08-16 01:49:44.161 [info] > git for-each-ref --format=%(refname)%00%(upstream:short)%00%(objectname)%00%(upstream:track)%00%(upstream:remotename)%00%(upstream:remoteref) refs/heads/main refs/remotes/main [0ms]
2026-08-16 01:49:44.161 [warning] [Git][getBranch] No such branch: main
2026-08-16 01:49:44.173 [info] > git for-each-ref --sort -committerdate --format %(refname)%00%(objectname)%00%(*objectname) [1ms]
2026-08-16 01:49:44.231 [info] > git status -z -uall [64ms]
2026-08-16 01:49:44.697 [info] > git check-ignore -v -z --stdin [6ms]
2026-08-16 01:49:44.708 [info] > git check-ignore -v -z --stdin [5ms]
2026-08-16 01:49:49.255 [info] > git config --get commit.template [4ms]
2026-08-16 01:49:49.255 [info] > git for-each-ref --format=%(refname)%00%(upstream:short)%00%(objectname)%00%(upstream:track)%00%(upstream:remotename)%00%(upstream:remoteref) refs/heads/main refs/remotes/main [0ms]
2026-08-16 01:49:49.255 [warning] [Git][getBranch] No such branch: main
2026-08-16 01:49:49.264 [info] > git for-each-ref --sort -committerdate --format %(refname)%00%(objectname)%00%(*objectname) [0ms]
2026-08-16 01:49:49.336 [info] > git status -z -uall [76ms]
2026-08-16 01:49:49.789 [info] > git check-ignore -v -z --stdin [1ms]
2026-08-16 01:49:49.800 [info] > git check-ignore -v -z --stdin [4ms]
2026-08-16 01:49:54.364 [info] > git config --get commit.template [5ms]
2026-08-16 01:49:54.364 [info] > git for-each-ref --format=%(refname)%00%(upstream:short)%00%(objectname)%00%(upstream:track)%00%(upstream:remotename)%00%(upstream:remoteref) refs/heads/main refs/remotes/main [0ms]
2026-08-16 01:49:54.365 [warning] [Git][getBranch] No such branch: main
2026-08-16 01:49:54.373 [info] > git for-each-ref --sort -committerdate --format %(refname)%00%(objectname)%00%(*objectname) [0ms]
2026-08-16 01:49:54.431 [info] > git status -z -uall [62ms]
2026-08-16 01:49:54.881 [info] > git check-ignore -v -z --stdin [4ms]
2026-08-16 01:49:54.891 [info] > git check-ignore -v -z --stdin [4ms]
2026-08-16 01:50:18.943 [info] > git config --get commit.template [5ms]
2026-08-16 01:50:18.943 [info] > git for-each-ref --format=%(refname)%00%(upstream:short)%00%(objectname)%00%(upstream:track)%00%(upstream:remotename)%00%(upstream:remoteref) refs/heads/main refs/remotes/main [1ms]
2026-08-16 01:50:18.943 [warning] [Git][getBranch] No such branch: main
2026-08-16 01:50:18.955 [info] > git for-each-ref --sort -committerdate --format %(refname)%00%(objectname)%00%(*objectname) [1ms]
2026-08-16 01:50:19.014 [info] > git status -z -uall [64ms]
2026-08-16 01:50:19.471 [info] > git check-ignore -v -z --stdin [5ms]
2026-08-16 01:50:19.484 [info] > git check-ignore -v -z --stdin [4ms]
2026-08-16 01:50:40.732 [info] > git config --get commit.template [6ms]
2026-08-16 01:50:40.732 [info] > git for-each-ref --format=%(refname)%00%(upstream:short)%00%(objectname)%00%(upstream:track)%00%(upstream:remotename)%00%(upstream:remoteref) refs/heads/main refs/remotes/main [1ms]
2026-08-16 01:50:40.732 [warning] [Git][getBranch] No such branch: main
2026-08-16 01:50:40.743 [info] > git for-each-ref --sort -committerdate --format %(refname)%00%(objectname)%00%(*objectname) [1ms]
2026-08-16 01:50:40.799 [info] > git status -z -uall [62ms]
2026-08-16 01:50:41.262 [info] > git check-ignore -v -z --stdin [4ms]
2026-08-16 01:50:41.272 [info] > git check-ignore -v -z --stdin [4ms]
2026-08-16 01:50:46.519 [info] > git config --get commit.template [6ms]
2026-08-16 01:50:46.519 [info] > git for-each-ref --format=%(refname)%00%(upstream:short)%00%(objectname)%00%(upstream:track)%00%(upstream:remotename)%00%(upstream:remoteref) refs/heads/main refs/remotes/main [1ms]
2026-08-16 01:50:46.519 [warning] [Git][getBranch] No such branch: main
2026-08-16 01:50:46.530 [info] > git for-each-ref --sort -committerdate --format %(refname)%00%(objectname)%00%(*objectname) [1ms]
2026-08-16 01:50:46.584 [info] > git status -z -uall [60ms]
2026-08-16 01:50:47.037 [info] > git check-ignore -v -z --stdin [6ms]
2026-08-16 01:50:47.048 [info] > git check-ignore -v -z --stdin [4ms]
2026-08-16 01:50:51.606 [info] > git config --get commit.template [4ms]
2026-08-16 01:50:51.606 [info] > git for-each-ref --format=%(refname)%00%(upstream:short)%00%(objectname)%00%(upstream:track)%00%(upstream:remotename)%00%(upstream:remoteref) refs/heads/main refs/remotes/main [0ms]
2026-08-16 01:50:51.606 [warning] [Git][getBranch] No such branch: main
2026-08-16 01:50:51.615 [info] > git for-each-ref --sort -committerdate --format %(refname)%00%(objectname)%00%(*objectname) [1ms]
2026-08-16 01:50:51.674 [info] > git status -z -uall [64ms]
2026-08-16 01:50:52.137 [info] > git check-ignore -v -z --stdin [1ms]
2026-08-16 01:50:52.149 [info] > git check-ignore -v -z --stdin [6ms]
2026-08-16 01:51:47.011 [info] > git config --get commit.template [6ms]
2026-08-16 01:51:47.011 [info] > git for-each-ref --format=%(refname)%00%(upstream:short)%00%(objectname)%00%(upstream:track)%00%(upstream:remotename)%00%(upstream:remoteref) refs/heads/main refs/remotes/main [1ms]
2026-08-16 01:51:47.011 [warning] [Git][getBranch] No such branch: main
2026-08-16 01:51:47.022 [info] > git for-each-ref --sort -committerdate --format %(refname)%00%(objectname)%00%(*objectname) [1ms]
2026-08-16 01:51:47.078 [info] > git status -z -uall [63ms]
2026-08-16 01:51:47.561 [info] > git check-ignore -v -z --stdin [18ms]
2026-08-16 01:51:47.561 [info] > git check-ignore -v -z --stdin [6ms]
2026-08-16 01:51:52.100 [info] > git config --get commit.template [1ms]
2026-08-16 01:51:52.105 [info] > git for-each-ref --format=%(refname)%00%(upstream:short)%00%(objectname)%00%(upstream:track)%00%(upstream:remotename)%00%(upstream:remoteref) refs/heads/main refs/remotes/main [1ms]
2026-08-16 01:51:52.105 [warning] [Git][getBranch] No such branch: main
2026-08-16 01:51:52.115 [info] > git for-each-ref --sort -committerdate --format %(refname)%00%(objectname)%00%(*objectname) [0ms]
2026-08-16 01:51:52.175 [info] > git status -z -uall [65ms]
2026-08-16 01:51:52.635 [info] > git check-ignore -v -z --stdin [13ms]
2026-08-16 01:51:52.635 [info] > git check-ignore -v -z --stdin [4ms]
2026-08-16 01:51:57.198 [info] > git config --get commit.template [4ms]
2026-08-16 01:51:57.199 [info] > git for-each-ref --format=%(refname)%00%(upstream:short)%00%(objectname)%00%(upstream:track)%00%(upstream:remotename)%00%(upstream:remoteref) refs/heads/main refs/remotes/main [1ms]
2026-08-16 01:51:57.199 [warning] [Git][getBranch] No such branch: main
2026-08-16 01:51:57.210 [info] > git for-each-ref --sort -committerdate --format %(refname)%00%(objectname)%00%(*objectname) [1ms]
2026-08-16 01:51:57.269 [info] > git status -z -uall [65ms]
2026-08-16 01:51:57.733 [info] > git check-ignore -v -z --stdin [11ms]
2026-08-16 01:51:57.733 [info] > git check-ignore -v -z --stdin [5ms]
2026-08-16 01:52:02.293 [info] > git config --get commit.template [4ms]
2026-08-16 01:52:02.293 [info] > git for-each-ref --format=%(refname)%00%(upstream:short)%00%(objectname)%00%(upstream:track)%00%(upstream:remotename)%00%(upstream:remoteref) refs/heads/main refs/remotes/main [0ms]
2026-08-16 01:52:02.293 [warning] [Git][getBranch] No such branch: main
2026-08-16 01:52:02.303 [info] > git for-each-ref --sort -committerdate --format %(refname)%00%(objectname)%00%(*objectname) [1ms]
2026-08-16 01:52:02.360 [info] > git status -z -uall [62ms]
2026-08-16 01:52:02.807 [info] > git check-ignore -v -z --stdin [5ms]
2026-08-16 01:52:02.817 [info] > git check-ignore -v -z --stdin [5ms]
2026-08-16 01:52:07.383 [info] > git config --get commit.template [5ms]
2026-08-16 01:52:07.383 [info] > git for-each-ref --format=%(refname)%00%(upstream:short)%00%(objectname)%00%(upstream:track)%00%(upstream:remotename)%00%(upstream:remoteref) refs/heads/main refs/remotes/main [1ms]
2026-08-16 01:52:07.383 [warning] [Git][getBranch] No such branch: main
2026-08-16 01:52:07.393 [info] > git for-each-ref --sort -committerdate --format %(refname)%00%(objectname)%00%(*objectname) [1ms]
2026-08-16 01:52:07.456 [info] > git status -z -uall [68ms]
2026-08-16 01:52:07.902 [info] > git check-ignore -v -z --stdin [6ms]
2026-08-16 01:52:07.913 [info] > git check-ignore -v -z --stdin [5ms]
2026-08-16 01:52:09.783 [info] > git check-ignore -v -z --stdin [5ms]
2026-08-16 01:52:09.794 [info] > git show --textconv :.gitignore [4ms]
2026-08-16 01:52:09.795 [warning] [GitFileSystemProvider][readFile] File not found - git:/home/HoaHung/.config/.gitignore.git?%7B%22path%22%3A%22%2Fhome%2FHoaHung%2F.config%2F.gitignore%22%2C%22ref%22%3A%22%22%7D
2026-08-16 01:52:09.795 [info] > git ls-files --stage -- .gitignore [1ms]
2026-08-16 01:52:09.795 [warning] [GitFileSystemProvider][stat] File not found - git:/home/HoaHung/.config/.gitignore.git?%7B%22path%22%3A%22%2Fhome%2FHoaHung%2F.config%2F.gitignore%22%2C%22ref%22%3A%22%22%7D
2026-08-16 01:52:10.068 [info] > git check-ignore -v -z --stdin [1ms]
2026-08-16 01:52:16.438 [info] > git config --get commit.template [5ms]
2026-08-16 01:52:16.439 [info] > git for-each-ref --format=%(refname)%00%(upstream:short)%00%(objectname)%00%(upstream:track)%00%(upstream:remotename)%00%(upstream:remoteref) refs/heads/main refs/remotes/main [1ms]
2026-08-16 01:52:16.439 [warning] [Git][getBranch] No such branch: main
2026-08-16 01:52:16.449 [info] > git for-each-ref --sort -committerdate --format %(refname)%00%(objectname)%00%(*objectname) [0ms]
2026-08-16 01:52:16.512 [info] > git status -z -uall [68ms]
2026-08-16 01:52:16.988 [info] > git check-ignore -v -z --stdin [13ms]
2026-08-16 01:52:21.534 [info] > git config --get commit.template [1ms]
2026-08-16 01:52:21.539 [info] > git for-each-ref --format=%(refname)%00%(upstream:short)%00%(objectname)%00%(upstream:track)%00%(upstream:remotename)%00%(upstream:remoteref) refs/heads/main refs/remotes/main [0ms]
2026-08-16 01:52:21.539 [warning] [Git][getBranch] No such branch: main
2026-08-16 01:52:21.547 [info] > git for-each-ref --sort -committerdate --format %(refname)%00%(objectname)%00%(*objectname) [1ms]
2026-08-16 01:52:21.609 [info] > git status -z -uall [67ms]
2026-08-16 01:52:22.075 [info] > git check-ignore -v -z --stdin [1ms]
2026-08-16 01:52:26.636 [info] > git config --get commit.template [4ms]
2026-08-16 01:52:26.636 [info] > git for-each-ref --format=%(refname)%00%(upstream:short)%00%(objectname)%00%(upstream:track)%00%(upstream:remotename)%00%(upstream:remoteref) refs/heads/main refs/remotes/main [0ms]
2026-08-16 01:52:26.636 [warning] [Git][getBranch] No such branch: main
2026-08-16 01:52:26.645 [info] > git for-each-ref --sort -committerdate --format %(refname)%00%(objectname)%00%(*objectname) [1ms]
2026-08-16 01:52:26.703 [info] > git status -z -uall [63ms]
2026-08-16 01:52:27.151 [info] > git check-ignore -v -z --stdin [8ms]
2026-08-16 01:52:31.729 [info] > git config --get commit.template [5ms]
2026-08-16 01:52:31.729 [info] > git for-each-ref --format=%(refname)%00%(upstream:short)%00%(objectname)%00%(upstream:track)%00%(upstream:remotename)%00%(upstream:remoteref) refs/heads/main refs/remotes/main [1ms]
2026-08-16 01:52:31.729 [warning] [Git][getBranch] No such branch: main
2026-08-16 01:52:31.737 [info] > git for-each-ref --sort -committerdate --format %(refname)%00%(objectname)%00%(*objectname) [0ms]
2026-08-16 01:52:31.794 [info] > git status -z -uall [61ms]
2026-08-16 01:52:32.241 [info] > git check-ignore -v -z --stdin [4ms]
2026-08-16 01:52:36.818 [info] > git config --get commit.template [0ms]
2026-08-16 01:52:36.822 [info] > git for-each-ref --format=%(refname)%00%(upstream:short)%00%(objectname)%00%(upstream:track)%00%(upstream:remotename)%00%(upstream:remoteref) refs/heads/main refs/remotes/main [0ms]
2026-08-16 01:52:36.822 [warning] [Git][getBranch] No such branch: main
2026-08-16 01:52:36.831 [info] > git for-each-ref --sort -committerdate --format %(refname)%00%(objectname)%00%(*objectname) [1ms]
2026-08-16 01:52:36.890 [info] > git status -z -uall [64ms]
2026-08-16 01:52:37.335 [info] > git check-ignore -v -z --stdin [4ms]
2026-08-16 01:52:41.917 [info] > git config --get commit.template [5ms]
2026-08-16 01:52:41.917 [info] > git for-each-ref --format=%(refname)%00%(upstream:short)%00%(objectname)%00%(upstream:track)%00%(upstream:remotename)%00%(upstream:remoteref) refs/heads/main refs/remotes/main [1ms]
2026-08-16 01:52:41.917 [warning] [Git][getBranch] No such branch: main
2026-08-16 01:52:41.925 [info] > git for-each-ref --sort -committerdate --format %(refname)%00%(objectname)%00%(*objectname) [1ms]
2026-08-16 01:52:41.983 [info] > git status -z -uall [62ms]
2026-08-16 01:52:42.438 [info] > git check-ignore -v -z --stdin [8ms]
2026-08-16 01:52:47.006 [info] > git config --get commit.template [1ms]
2026-08-16 01:52:47.010 [info] > git for-each-ref --format=%(refname)%00%(upstream:short)%00%(objectname)%00%(upstream:track)%00%(upstream:remotename)%00%(upstream:remoteref) refs/heads/main refs/remotes/main [0ms]
2026-08-16 01:52:47.010 [warning] [Git][getBranch] No such branch: main
2026-08-16 01:52:47.019 [info] > git for-each-ref --sort -committerdate --format %(refname)%00%(objectname)%00%(*objectname) [0ms]
2026-08-16 01:52:47.080 [info] > git status -z -uall [66ms]
2026-08-16 01:52:47.528 [info] > git check-ignore -v -z --stdin [8ms]
2026-08-16 01:52:52.107 [info] > git config --get commit.template [4ms]
2026-08-16 01:52:52.107 [info] > git for-each-ref --format=%(refname)%00%(upstream:short)%00%(objectname)%00%(upstream:track)%00%(upstream:remotename)%00%(upstream:remoteref) refs/heads/main refs/remotes/main [1ms]
2026-08-16 01:52:52.107 [warning] [Git][getBranch] No such branch: main
2026-08-16 01:52:52.115 [info] > git for-each-ref --sort -committerdate --format %(refname)%00%(objectname)%00%(*objectname) [0ms]
2026-08-16 01:52:52.174 [info] > git status -z -uall [63ms]
2026-08-16 01:52:52.623 [info] > git check-ignore -v -z --stdin [8ms]
2026-08-16 01:52:57.203 [info] > git config --get commit.template [4ms]
2026-08-16 01:52:57.204 [info] > git for-each-ref --format=%(refname)%00%(upstream:short)%00%(objectname)%00%(upstream:track)%00%(upstream:remotename)%00%(upstream:remoteref) refs/heads/main refs/remotes/main [1ms]
2026-08-16 01:52:57.204 [warning] [Git][getBranch] No such branch: main
2026-08-16 01:52:57.213 [info] > git for-each-ref --sort -committerdate --format %(refname)%00%(objectname)%00%(*objectname) [1ms]
2026-08-16 01:52:57.270 [info] > git status -z -uall [62ms]
2026-08-16 01:52:57.722 [info] > git check-ignore -v -z --stdin [1ms]
2026-08-16 01:53:02.297 [info] > git config --get commit.template [5ms]
2026-08-16 01:53:02.297 [info] > git for-each-ref --format=%(refname)%00%(upstream:short)%00%(objectname)%00%(upstream:track)%00%(upstream:remotename)%00%(upstream:remoteref) refs/heads/main refs/remotes/main [0ms]
2026-08-16 01:53:02.297 [warning] [Git][getBranch] No such branch: main
2026-08-16 01:53:02.306 [info] > git for-each-ref --sort -committerdate --format %(refname)%00%(objectname)%00%(*objectname) [1ms]
2026-08-16 01:53:02.367 [info] > git status -z -uall [66ms]
2026-08-16 01:53:02.818 [info] > git check-ignore -v -z --stdin [8ms]
2026-08-16 01:53:03.237 [info] > git ls-files --stage -- waybar/style.css [1ms]
2026-08-16 01:53:03.241 [info] > git cat-file -s 4e421d7e43c43fdd4b4e90b3da5fa96807c903d0 [0ms]
2026-08-16 01:53:03.246 [info] > git show --textconv :waybar/style.css [1ms]
2026-08-16 01:53:07.394 [info] > git config --get commit.template [5ms]
2026-08-16 01:53:07.394 [info] > git for-each-ref --format=%(refname)%00%(upstream:short)%00%(objectname)%00%(upstream:track)%00%(upstream:remotename)%00%(upstream:remoteref) refs/heads/main refs/remotes/main [1ms]
2026-08-16 01:53:07.394 [warning] [Git][getBranch] No such branch: main
2026-08-16 01:53:07.403 [info] > git for-each-ref --sort -committerdate --format %(refname)%00%(objectname)%00%(*objectname) [0ms]
2026-08-16 01:53:07.460 [info] > git status -z -uall [62ms]
2026-08-16 01:53:07.906 [info] > git check-ignore -v -z --stdin [7ms]
2026-08-16 01:53:12.484 [info] > git config --get commit.template [4ms]
2026-08-16 01:53:12.484 [info] > git for-each-ref --format=%(refname)%00%(upstream:short)%00%(objectname)%00%(upstream:track)%00%(upstream:remotename)%00%(upstream:remoteref) refs/heads/main refs/remotes/main [0ms]
2026-08-16 01:53:12.485 [warning] [Git][getBranch] No such branch: main
2026-08-16 01:53:12.493 [info] > git for-each-ref --sort -committerdate --format %(refname)%00%(objectname)%00%(*objectname) [1ms]
2026-08-16 01:53:12.551 [info] > git status -z -uall [63ms]
2026-08-16 01:53:13.004 [info] > git check-ignore -v -z --stdin [8ms]
2026-08-16 01:54:48.776 [info] > git config --get commit.template [6ms]
2026-08-16 01:54:48.776 [info] > git for-each-ref --format=%(refname)%00%(upstream:short)%00%(objectname)%00%(upstream:track)%00%(upstream:remotename)%00%(upstream:remoteref) refs/heads/main refs/remotes/main [1ms]
2026-08-16 01:54:48.776 [warning] [Git][getBranch] No such branch: main
2026-08-16 01:54:48.788 [info] > git for-each-ref --sort -committerdate --format %(refname)%00%(objectname)%00%(*objectname) [1ms]
2026-08-16 01:54:48.851 [info] > git status -z -uall [70ms]
2026-08-16 01:54:49.326 [info] > git check-ignore -v -z --stdin [8ms]
2026-08-16 01:55:41.335 [info] > git config --get commit.template [6ms]
2026-08-16 01:55:41.335 [info] > git for-each-ref --format=%(refname)%00%(upstream:short)%00%(objectname)%00%(upstream:track)%00%(upstream:remotename)%00%(upstream:remoteref) refs/heads/main refs/remotes/main [1ms]
2026-08-16 01:55:41.335 [warning] [Git][getBranch] No such branch: main
2026-08-16 01:55:41.348 [info] > git for-each-ref --sort -committerdate --format %(refname)%00%(objectname)%00%(*objectname) [1ms]
2026-08-16 01:55:41.406 [info] > git status -z -uall [65ms]
2026-08-16 01:55:41.881 [info] > git check-ignore -v -z --stdin [8ms]
2026-08-16 01:55:42.786 [info] > git check-ignore -v -z --stdin [5ms]
2026-08-16 01:55:42.808 [info] > git show --textconv :hypr/hyprland.lua [15ms]
2026-08-16 01:55:42.809 [info] > git show --textconv HEAD:hypr/hyprland.lua [10ms]
2026-08-16 01:55:42.809 [info] > git ls-files --stage -- hypr/hyprland.lua [6ms]
2026-08-16 01:55:42.814 [warning] [GitFileSystemProvider][readFile] File not found - git:/home/HoaHung/.config/hypr/hyprland.lua.git?%7B%22path%22%3A%22%2Fhome%2FHoaHung%2F.config%2Fhypr%2Fhyprland.lua%22%2C%22ref%22%3A%22HEAD%22%7D
2026-08-16 01:55:42.814 [info] > git ls-tree -l HEAD -- hypr/hyprland.lua [6ms]
2026-08-16 01:55:42.814 [info] fatal: Not a valid object name HEAD
2026-08-16 01:55:42.814 [warning] [GitFileSystemProvider][stat] File not found - git:/home/HoaHung/.config/hypr/hyprland.lua.git?%7B%22path%22%3A%22%2Fhome%2FHoaHung%2F.config%2Fhypr%2Fhyprland.lua%22%2C%22ref%22%3A%22HEAD%22%7D
2026-08-16 01:55:42.815 [info] > git cat-file -s 86588f74d0bb4bb4310c7869696bb820cff7093a [2ms]
2026-08-16 01:55:51.079 [info] > git config --get commit.template [5ms]
2026-08-16 01:55:51.079 [info] > git for-each-ref --format=%(refname)%00%(upstream:short)%00%(objectname)%00%(upstream:track)%00%(upstream:remotename)%00%(upstream:remoteref) refs/heads/main refs/remotes/main [0ms]
2026-08-16 01:55:51.079 [warning] [Git][getBranch] No such branch: main
2026-08-16 01:55:51.091 [info] > git for-each-ref --sort -committerdate --format %(refname)%00%(objectname)%00%(*objectname) [1ms]
2026-08-16 01:55:51.150 [info] > git status -z -uall [65ms]
2026-08-16 01:55:51.622 [info] > git check-ignore -v -z --stdin [4ms]
2026-08-16 01:55:51.622 [info] > git check-ignore -v -z --stdin [13ms]
2026-08-16 01:55:55.957 [info] > git ls-files --stage -- waybar/style.css [5ms]
2026-08-16 01:55:55.962 [info] > git ls-files --stage -- hypr/hyprland.lua [5ms]
2026-08-16 01:55:55.966 [info] > git cat-file -s 4e421d7e43c43fdd4b4e90b3da5fa96807c903d0 [4ms]
2026-08-16 01:55:55.967 [info] > git cat-file -s 86588f74d0bb4bb4310c7869696bb820cff7093a [1ms]
2026-08-16 01:55:55.975 [info] > git show --textconv :waybar/style.css [4ms]
2026-08-16 01:55:55.976 [info] > git show --textconv :hypr/hyprland.lua [2ms]
2026-08-16 01:55:56.183 [info] > git config --get commit.template [5ms]
2026-08-16 01:55:56.184 [info] > git for-each-ref --format=%(refname)%00%(upstream:short)%00%(objectname)%00%(upstream:track)%00%(upstream:remotename)%00%(upstream:remoteref) refs/heads/main refs/remotes/main [1ms]
2026-08-16 01:55:56.184 [warning] [Git][getBranch] No such branch: main
2026-08-16 01:55:56.192 [info] > git for-each-ref --sort -committerdate --format %(refname)%00%(objectname)%00%(*objectname) [1ms]
2026-08-16 01:55:56.252 [info] > git status -z -uall [65ms]
2026-08-16 01:55:56.711 [info] > git check-ignore -v -z --stdin [13ms]
2026-08-16 01:55:56.711 [info] > git check-ignore -v -z --stdin [4ms]
2026-08-16 01:56:01.278 [info] > git config --get commit.template [4ms]
2026-08-16 01:56:01.279 [info] > git for-each-ref --format=%(refname)%00%(upstream:short)%00%(objectname)%00%(upstream:track)%00%(upstream:remotename)%00%(upstream:remoteref) refs/heads/main refs/remotes/main [1ms]
2026-08-16 01:56:01.279 [warning] [Git][getBranch] No such branch: main
2026-08-16 01:56:01.287 [info] > git for-each-ref --sort -committerdate --format %(refname)%00%(objectname)%00%(*objectname) [1ms]
2026-08-16 01:56:01.347 [info] > git status -z -uall [65ms]
2026-08-16 01:56:01.802 [info] > git check-ignore -v -z --stdin [12ms]
2026-08-16 01:56:01.802 [info] > git check-ignore -v -z --stdin [4ms]
2026-08-16 01:56:06.373 [info] > git config --get commit.template [4ms]
2026-08-16 01:56:06.373 [info] > git for-each-ref --format=%(refname)%00%(upstream:short)%00%(objectname)%00%(upstream:track)%00%(upstream:remotename)%00%(upstream:remoteref) refs/heads/main refs/remotes/main [0ms]
2026-08-16 01:56:06.373 [warning] [Git][getBranch] No such branch: main
2026-08-16 01:56:06.381 [info] > git for-each-ref --sort -committerdate --format %(refname)%00%(objectname)%00%(*objectname) [0ms]
2026-08-16 01:56:06.441 [info] > git status -z -uall [64ms]
2026-08-16 01:56:06.891 [info] > git check-ignore -v -z --stdin [13ms]
2026-08-16 01:56:06.892 [info] > git check-ignore -v -z --stdin [5ms]
2026-08-16 01:56:11.468 [info] > git config --get commit.template [5ms]
2026-08-16 01:56:11.469 [info] > git for-each-ref --format=%(refname)%00%(upstream:short)%00%(objectname)%00%(upstream:track)%00%(upstream:remotename)%00%(upstream:remoteref) refs/heads/main refs/remotes/main [1ms]
2026-08-16 01:56:11.469 [warning] [Git][getBranch] No such branch: main
2026-08-16 01:56:11.477 [info] > git for-each-ref --sort -committerdate --format %(refname)%00%(objectname)%00%(*objectname) [0ms]
2026-08-16 01:56:11.534 [info] > git status -z -uall [61ms]
2026-08-16 01:56:11.993 [info] > git check-ignore -v -z --stdin [12ms]
2026-08-16 01:56:11.993 [info] > git check-ignore -v -z --stdin [4ms]
2026-08-16 01:56:16.562 [info] > git config --get commit.template [5ms]
2026-08-16 01:56:16.563 [info] > git for-each-ref --format=%(refname)%00%(upstream:short)%00%(objectname)%00%(upstream:track)%00%(upstream:remotename)%00%(upstream:remoteref) refs/heads/main refs/remotes/main [1ms]
2026-08-16 01:56:16.573 [warning] [Git][getBranch] No such branch: main
2026-08-16 01:56:16.583 [info] > git for-each-ref --sort -committerdate --format %(refname)%00%(objectname)%00%(*objectname) [1ms]
2026-08-16 01:56:16.640 [info] > git status -z -uall [62ms]
2026-08-16 01:56:17.101 [info] > git check-ignore -v -z --stdin [13ms]
2026-08-16 01:56:17.101 [info] > git check-ignore -v -z --stdin [4ms]
2026-08-16 01:56:17.192 [info] > git config --get commit.template [6ms]
2026-08-16 01:56:17.192 [info] > git for-each-ref --format=%(refname)%00%(upstream:short)%00%(objectname)%00%(upstream:track)%00%(upstream:remotename)%00%(upstream:remoteref) refs/heads/main refs/remotes/main [0ms]
2026-08-16 01:56:17.192 [warning] [Git][getBranch] No such branch: main
2026-08-16 01:56:17.201 [info] > git for-each-ref --sort -committerdate --format %(refname)%00%(objectname)%00%(*objectname) [0ms]
2026-08-16 01:56:17.264 [info] > git status -z -uall [67ms]
2026-08-16 01:56:17.723 [info] > git check-ignore -v -z --stdin [14ms]
2026-08-16 01:56:17.724 [info] > git check-ignore -v -z --stdin [1ms]
2026-08-16 01:56:21.662 [info] > git config --get commit.template [0ms]
2026-08-16 01:56:21.667 [info] > git for-each-ref --format=%(refname)%00%(upstream:short)%00%(objectname)%00%(upstream:track)%00%(upstream:remotename)%00%(upstream:remoteref) refs/heads/main refs/remotes/main [1ms]
2026-08-16 01:56:21.667 [warning] [Git][getBranch] No such branch: main
2026-08-16 01:56:21.676 [info] > git for-each-ref --sort -committerdate --format %(refname)%00%(objectname)%00%(*objectname) [1ms]
2026-08-16 01:56:21.734 [info] > git status -z -uall [63ms]
2026-08-16 01:56:22.190 [info] > git check-ignore -v -z --stdin [13ms]
2026-08-16 01:56:22.190 [info] > git check-ignore -v -z --stdin [4ms]
2026-08-16 01:56:24.045 [info] > git config --get commit.template [6ms]
2026-08-16 01:56:24.045 [info] > git for-each-ref --format=%(refname)%00%(upstream:short)%00%(objectname)%00%(upstream:track)%00%(upstream:remotename)%00%(upstream:remoteref) refs/heads/main refs/remotes/main [1ms]
2026-08-16 01:56:24.045 [warning] [Git][getBranch] No such branch: main
2026-08-16 01:56:24.056 [info] > git for-each-ref --sort -committerdate --format %(refname)%00%(objectname)%00%(*objectname) [1ms]
2026-08-16 01:56:24.056 [info] > git status -z -uall [6ms]
2026-08-16 01:56:24.494 [info] > git check-ignore -v -z --stdin [13ms]
2026-08-16 01:56:24.494 [info] > git check-ignore -v -z --stdin [9ms]
2026-08-16 01:56:25.377 [info] > git ls-files --stage -- waybar/style.css [4ms]
2026-08-16 01:56:25.381 [info] > git ls-files --stage -- hypr/hyprland.lua [4ms]
2026-08-16 01:56:25.386 [info] > git cat-file -s 4e421d7e43c43fdd4b4e90b3da5fa96807c903d0 [5ms]
2026-08-16 01:56:25.387 [info] > git cat-file -s 86588f74d0bb4bb4310c7869696bb820cff7093a [1ms]
2026-08-16 01:56:25.396 [info] > git show --textconv :waybar/style.css [4ms]
2026-08-16 01:56:25.397 [info] > git show --textconv :hypr/hyprland.lua [1ms]
2026-08-16 01:56:26.757 [info] > git config --get commit.template [1ms]
2026-08-16 01:56:26.761 [info] > git for-each-ref --format=%(refname)%00%(upstream:short)%00%(objectname)%00%(upstream:track)%00%(upstream:remotename)%00%(upstream:remoteref) refs/heads/main refs/remotes/main [0ms]
2026-08-16 01:56:26.761 [warning] [Git][getBranch] No such branch: main
2026-08-16 01:56:26.770 [info] > git for-each-ref --sort -committerdate --format %(refname)%00%(objectname)%00%(*objectname) [1ms]
2026-08-16 01:56:26.773 [info] > git status -z -uall [8ms]
2026-08-16 01:56:27.212 [info] > git check-ignore -v -z --stdin [13ms]
2026-08-16 01:56:27.213 [info] > git check-ignore -v -z --stdin [5ms]
2026-08-16 01:56:31.798 [info] > git config --get commit.template [4ms]
2026-08-16 01:56:31.798 [info] > git for-each-ref --format=%(refname)%00%(upstream:short)%00%(objectname)%00%(upstream:track)%00%(upstream:remotename)%00%(upstream:remoteref) refs/heads/main refs/remotes/main [0ms]
2026-08-16 01:56:31.799 [warning] [Git][getBranch] No such branch: main
2026-08-16 01:56:31.806 [info] > git for-each-ref --sort -committerdate --format %(refname)%00%(objectname)%00%(*objectname) [0ms]
2026-08-16 01:56:31.811 [info] > git status -z -uall [9ms]
2026-08-16 01:56:32.253 [info] > git check-ignore -v -z --stdin [13ms]
2026-08-16 01:56:32.253 [info] > git check-ignore -v -z --stdin [1ms]
2026-08-16 01:56:36.836 [info] > git config --get commit.template [4ms]
2026-08-16 01:56:36.836 [info] > git for-each-ref --format=%(refname)%00%(upstream:short)%00%(objectname)%00%(upstream:track)%00%(upstream:remotename)%00%(upstream:remoteref) refs/heads/main refs/remotes/main [0ms]
2026-08-16 01:56:36.836 [warning] [Git][getBranch] No such branch: main
2026-08-16 01:56:36.845 [info] > git for-each-ref --sort -committerdate --format %(refname)%00%(objectname)%00%(*objectname) [1ms]
2026-08-16 01:56:36.849 [info] > git status -z -uall [9ms]
2026-08-16 01:56:37.215 [info] > git ls-files --stage -- waybar/style.css [4ms]
2026-08-16 01:56:37.219 [info] > git ls-files --stage -- hypr/hyprland.lua [4ms]
2026-08-16 01:56:37.223 [info] > git cat-file -s 4e421d7e43c43fdd4b4e90b3da5fa96807c903d0 [4ms]
2026-08-16 01:56:37.223 [info] > git cat-file -s 86588f74d0bb4bb4310c7869696bb820cff7093a [0ms]
2026-08-16 01:56:37.231 [info] > git show --textconv :waybar/style.css [4ms]
2026-08-16 01:56:37.232 [info] > git show --textconv :hypr/hyprland.lua [1ms]
2026-08-16 01:56:37.294 [info] > git check-ignore -v -z --stdin [15ms]
2026-08-16 01:56:37.294 [info] > git check-ignore -v -z --stdin [4ms]
2026-08-16 01:56:41.869 [info] > git config --get commit.template [1ms]
2026-08-16 01:56:41.873 [info] > git for-each-ref --format=%(refname)%00%(upstream:short)%00%(objectname)%00%(upstream:track)%00%(upstream:remotename)%00%(upstream:remoteref) refs/heads/main refs/remotes/main [0ms]
2026-08-16 01:56:41.873 [warning] [Git][getBranch] No such branch: main
2026-08-16 01:56:41.881 [info] > git for-each-ref --sort -committerdate --format %(refname)%00%(objectname)%00%(*objectname) [0ms]
2026-08-16 01:56:41.884 [info] > git status -z -uall [7ms]
2026-08-16 01:56:42.325 [info] > git check-ignore -v -z --stdin [13ms]
2026-08-16 01:56:42.325 [info] > git check-ignore -v -z --stdin [5ms]
2026-08-16 01:56:46.908 [info] > git config --get commit.template [5ms]
2026-08-16 01:56:46.909 [info] > git for-each-ref --format=%(refname)%00%(upstream:short)%00%(objectname)%00%(upstream:track)%00%(upstream:remotename)%00%(upstream:remoteref) refs/heads/main refs/remotes/main [1ms]
2026-08-16 01:56:46.909 [warning] [Git][getBranch] No such branch: main
2026-08-16 01:56:46.919 [info] > git for-each-ref --sort -committerdate --format %(refname)%00%(objectname)%00%(*objectname) [1ms]
2026-08-16 01:56:46.921 [info] > git status -z -uall [8ms]
2026-08-16 01:56:47.363 [info] > git check-ignore -v -z --stdin [13ms]
2026-08-16 01:56:47.363 [info] > git check-ignore -v -z --stdin [5ms]
2026-08-16 01:56:51.941 [info] > git config --get commit.template [0ms]
2026-08-16 01:56:51.946 [info] > git for-each-ref --format=%(refname)%00%(upstream:short)%00%(objectname)%00%(upstream:track)%00%(upstream:remotename)%00%(upstream:remoteref) refs/heads/main refs/remotes/main [1ms]
2026-08-16 01:56:51.946 [warning] [Git][getBranch] No such branch: main
2026-08-16 01:56:51.954 [info] > git for-each-ref --sort -committerdate --format %(refname)%00%(objectname)%00%(*objectname) [1ms]
2026-08-16 01:56:51.958 [info] > git status -z -uall [9ms]
2026-08-16 01:56:52.398 [info] > git check-ignore -v -z --stdin [13ms]
2026-08-16 01:56:52.398 [info] > git check-ignore -v -z --stdin [4ms]
2026-08-16 01:56:56.525 [info] > git config --get commit.template [5ms]
2026-08-16 01:56:56.525 [info] > git for-each-ref --format=%(refname)%00%(upstream:short)%00%(objectname)%00%(upstream:track)%00%(upstream:remotename)%00%(upstream:remoteref) refs/heads/main refs/remotes/main [1ms]
2026-08-16 01:56:56.525 [warning] [Git][getBranch] No such branch: main
2026-08-16 01:56:56.534 [info] > git for-each-ref --sort -committerdate --format %(refname)%00%(objectname)%00%(*objectname) [0ms]
2026-08-16 01:56:56.536 [info] > git status -z -uall [6ms]
2026-08-16 01:56:56.978 [info] > git check-ignore -v -z --stdin [16ms]
2026-08-16 01:56:56.979 [info] > git check-ignore -v -z --stdin [10ms]
2026-08-16 01:56:56.979 [info] > git config --get commit.template [1ms]
2026-08-16 01:56:56.984 [info] > git for-each-ref --format=%(refname)%00%(upstream:short)%00%(objectname)%00%(upstream:track)%00%(upstream:remotename)%00%(upstream:remoteref) refs/heads/main refs/remotes/main [1ms]
2026-08-16 01:56:56.984 [warning] [Git][getBranch] No such branch: main
2026-08-16 01:56:56.993 [info] > git for-each-ref --sort -committerdate --format %(refname)%00%(objectname)%00%(*objectname) [1ms]
2026-08-16 01:56:56.996 [info] > git status -z -uall [9ms]
2026-08-16 01:56:57.452 [info] > git check-ignore -v -z --stdin [14ms]
2026-08-16 01:56:57.452 [info] > git check-ignore -v -z --stdin [5ms]
2026-08-16 01:56:57.698 [info] > git ls-files --stage -- waybar/style.css [4ms]
2026-08-16 01:56:57.702 [info] > git ls-files --stage -- hypr/hyprland.lua [4ms]
2026-08-16 01:56:57.706 [info] > git cat-file -s 4e421d7e43c43fdd4b4e90b3da5fa96807c903d0 [4ms]
2026-08-16 01:56:57.707 [info] > git cat-file -s 86588f74d0bb4bb4310c7869696bb820cff7093a [1ms]
2026-08-16 01:56:57.715 [info] > git show --textconv :waybar/style.css [4ms]
2026-08-16 01:56:57.716 [info] > git show --textconv :hypr/hyprland.lua [1ms]
2026-08-16 01:57:02.021 [info] > git config --get commit.template [5ms]
2026-08-16 01:57:02.022 [info] > git for-each-ref --format=%(refname)%00%(upstream:short)%00%(objectname)%00%(upstream:track)%00%(upstream:remotename)%00%(upstream:remoteref) refs/heads/main refs/remotes/main [1ms]
2026-08-16 01:57:02.022 [warning] [Git][getBranch] No such branch: main
2026-08-16 01:57:02.031 [info] > git for-each-ref --sort -committerdate --format %(refname)%00%(objectname)%00%(*objectname) [0ms]
2026-08-16 01:57:02.034 [info] > git status -z -uall [8ms]
2026-08-16 01:57:02.470 [info] > git check-ignore -v -z --stdin [11ms]
2026-08-16 01:57:02.470 [info] > git check-ignore -v -z --stdin [4ms]
2026-08-16 01:57:07.060 [info] > git config --get commit.template [5ms]
2026-08-16 01:57:07.060 [info] > git for-each-ref --format=%(refname)%00%(upstream:short)%00%(objectname)%00%(upstream:track)%00%(upstream:remotename)%00%(upstream:remoteref) refs/heads/main refs/remotes/main [0ms]
2026-08-16 01:57:07.060 [warning] [Git][getBranch] No such branch: main
2026-08-16 01:57:07.069 [info] > git for-each-ref --sort -committerdate --format %(refname)%00%(objectname)%00%(*objectname) [1ms]
2026-08-16 01:57:07.073 [info] > git status -z -uall [9ms]
2026-08-16 01:57:07.518 [info] > git check-ignore -v -z --stdin [16ms]
2026-08-16 01:57:07.518 [info] > git check-ignore -v -z --stdin [5ms]
2026-08-16 01:57:12.098 [info] > git config --get commit.template [5ms]
2026-08-16 01:57:12.098 [info] > git for-each-ref --format=%(refname)%00%(upstream:short)%00%(objectname)%00%(upstream:track)%00%(upstream:remotename)%00%(upstream:remoteref) refs/heads/main refs/remotes/main [1ms]
2026-08-16 01:57:12.098 [warning] [Git][getBranch] No such branch: main
2026-08-16 01:57:12.107 [info] > git for-each-ref --sort -committerdate --format %(refname)%00%(objectname)%00%(*objectname) [1ms]
2026-08-16 01:57:12.112 [info] > git status -z -uall [10ms]
2026-08-16 01:57:12.552 [info] > git check-ignore -v -z --stdin [13ms]
2026-08-16 01:57:12.552 [info] > git check-ignore -v -z --stdin [5ms]
2026-08-16 01:57:17.139 [info] > git config --get commit.template [5ms]
2026-08-16 01:57:17.139 [info] > git for-each-ref --format=%(refname)%00%(upstream:short)%00%(objectname)%00%(upstream:track)%00%(upstream:remotename)%00%(upstream:remoteref) refs/heads/main refs/remotes/main [1ms]
2026-08-16 01:57:17.139 [warning] [Git][getBranch] No such branch: main
2026-08-16 01:57:17.148 [info] > git for-each-ref --sort -committerdate --format %(refname)%00%(objectname)%00%(*objectname) [1ms]
2026-08-16 01:57:17.159 [info] > git status -z -uall [15ms]
2026-08-16 01:57:17.600 [info] > git check-ignore -v -z --stdin [8ms]
2026-08-16 01:57:17.601 [info] > git check-ignore -v -z --stdin [1ms]
2026-08-16 01:57:22.186 [info] > git config --get commit.template [1ms]
2026-08-16 01:57:22.190 [info] > git for-each-ref --format=%(refname)%00%(upstream:short)%00%(objectname)%00%(upstream:track)%00%(upstream:remotename)%00%(upstream:remoteref) refs/heads/main refs/remotes/main [0ms]
2026-08-16 01:57:22.190 [warning] [Git][getBranch] No such branch: main
2026-08-16 01:57:22.201 [info] > git for-each-ref --sort -committerdate --format %(refname)%00%(objectname)%00%(*objectname) [1ms]
2026-08-16 01:57:22.212 [info] > git status -z -uall [17ms]
2026-08-16 01:57:22.652 [info] > git check-ignore -v -z --stdin [13ms]
2026-08-16 01:57:22.652 [info] > git check-ignore -v -z --stdin [1ms]
2026-08-16 01:57:27.238 [info] > git config --get commit.template [4ms]
2026-08-16 01:57:27.238 [info] > git for-each-ref --format=%(refname)%00%(upstream:short)%00%(objectname)%00%(upstream:track)%00%(upstream:remotename)%00%(upstream:remoteref) refs/heads/main refs/remotes/main [1ms]
2026-08-16 01:57:27.238 [warning] [Git][getBranch] No such branch: main
2026-08-16 01:57:27.246 [info] > git for-each-ref --sort -committerdate --format %(refname)%00%(objectname)%00%(*objectname) [0ms]
2026-08-16 01:57:27.256 [info] > git status -z -uall [14ms]
2026-08-16 01:57:27.696 [info] > git check-ignore -v -z --stdin [4ms]
2026-08-16 01:57:27.697 [info] > git check-ignore -v -z --stdin [1ms]
2026-08-16 01:57:32.280 [info] > git config --get commit.template [0ms]
2026-08-16 01:57:32.285 [info] > git for-each-ref --format=%(refname)%00%(upstream:short)%00%(objectname)%00%(upstream:track)%00%(upstream:remotename)%00%(upstream:remoteref) refs/heads/main refs/remotes/main [1ms]
2026-08-16 01:57:32.285 [warning] [Git][getBranch] No such branch: main
2026-08-16 01:57:32.293 [info] > git for-each-ref --sort -committerdate --format %(refname)%00%(objectname)%00%(*objectname) [1ms]
2026-08-16 01:57:32.304 [info] > git status -z -uall [16ms]
2026-08-16 01:57:32.751 [info] > git check-ignore -v -z --stdin [16ms]
2026-08-16 01:57:32.751 [info] > git check-ignore -v -z --stdin [5ms]
2026-08-16 01:57:39.285 [info] > git config --get commit.template [6ms]
2026-08-16 01:57:39.285 [info] > git for-each-ref --format=%(refname)%00%(upstream:short)%00%(objectname)%00%(upstream:track)%00%(upstream:remotename)%00%(upstream:remoteref) refs/heads/main refs/remotes/main [0ms]
2026-08-16 01:57:39.285 [warning] [Git][getBranch] No such branch: main
2026-08-16 01:57:39.298 [info] > git for-each-ref --sort -committerdate --format %(refname)%00%(objectname)%00%(*objectname) [1ms]
2026-08-16 01:57:39.308 [info] > git status -z -uall [16ms]
2026-08-16 01:57:39.760 [info] > git check-ignore -v -z --stdin [15ms]
2026-08-16 01:57:39.761 [info] > git check-ignore -v -z --stdin [6ms]
2026-08-16 01:57:44.334 [info] > git config --get commit.template [4ms]
2026-08-16 01:57:44.334 [info] > git for-each-ref --format=%(refname)%00%(upstream:short)%00%(objectname)%00%(upstream:track)%00%(upstream:remotename)%00%(upstream:remoteref) refs/heads/main refs/remotes/main [1ms]
2026-08-16 01:57:44.334 [warning] [Git][getBranch] No such branch: main
2026-08-16 01:57:44.345 [info] > git for-each-ref --sort -committerdate --format %(refname)%00%(objectname)%00%(*objectname) [1ms]
2026-08-16 01:57:44.354 [info] > git status -z -uall [15ms]
2026-08-16 01:57:44.797 [info] > git check-ignore -v -z --stdin [13ms]
2026-08-16 01:57:44.797 [info] > git check-ignore -v -z --stdin [9ms]
2026-08-16 01:57:49.381 [info] > git config --get commit.template [5ms]
2026-08-16 01:57:49.381 [info] > git for-each-ref --format=%(refname)%00%(upstream:short)%00%(objectname)%00%(upstream:track)%00%(upstream:remotename)%00%(upstream:remoteref) refs/heads/main refs/remotes/main [1ms]
2026-08-16 01:57:49.381 [warning] [Git][getBranch] No such branch: main
2026-08-16 01:57:49.392 [info] > git for-each-ref --sort -committerdate --format %(refname)%00%(objectname)%00%(*objectname) [1ms]
2026-08-16 01:57:49.404 [info] > git status -z -uall [18ms]
2026-08-16 01:57:49.847 [info] > git check-ignore -v -z --stdin [14ms]
2026-08-16 01:57:49.847 [info] > git check-ignore -v -z --stdin [5ms]
2026-08-16 01:57:55.982 [info] > git config --get commit.template [6ms]
2026-08-16 01:57:55.982 [info] > git for-each-ref --format=%(refname)%00%(upstream:short)%00%(objectname)%00%(upstream:track)%00%(upstream:remotename)%00%(upstream:remoteref) refs/heads/main refs/remotes/main [1ms]
2026-08-16 01:57:55.982 [warning] [Git][getBranch] No such branch: main
2026-08-16 01:57:55.993 [info] > git for-each-ref --sort -committerdate --format %(refname)%00%(objectname)%00%(*objectname) [0ms]
2026-08-16 01:57:56.002 [info] > git status -z -uall [15ms]
2026-08-16 01:57:56.452 [info] > git check-ignore -v -z --stdin [14ms]
2026-08-16 01:57:56.453 [info] > git check-ignore -v -z --stdin [1ms]
2026-08-16 01:58:12.032 [info] > git config --get commit.template [6ms]
2026-08-16 01:58:12.032 [info] > git for-each-ref --format=%(refname)%00%(upstream:short)%00%(objectname)%00%(upstream:track)%00%(upstream:remotename)%00%(upstream:remoteref) refs/heads/main refs/remotes/main [1ms]
2026-08-16 01:58:12.032 [warning] [Git][getBranch] No such branch: main
2026-08-16 01:58:12.043 [info] > git for-each-ref --sort -committerdate --format %(refname)%00%(objectname)%00%(*objectname) [1ms]
2026-08-16 01:58:12.052 [info] > git status -z -uall [15ms]
2026-08-16 01:58:12.519 [info] > git check-ignore -v -z --stdin [13ms]
2026-08-16 01:58:12.519 [info] > git check-ignore -v -z --stdin [5ms]
2026-08-16 01:58:17.083 [info] > git config --get commit.template [4ms]
2026-08-16 01:58:17.087 [info] > git for-each-ref --format=%(refname)%00%(upstream:short)%00%(objectname)%00%(upstream:track)%00%(upstream:remotename)%00%(upstream:remoteref) refs/heads/main refs/remotes/main [4ms]
2026-08-16 01:58:17.087 [warning] [Git][getBranch] No such branch: main
2026-08-16 01:58:17.095 [info] > git for-each-ref --sort -committerdate --format %(refname)%00%(objectname)%00%(*objectname) [0ms]
2026-08-16 01:58:17.104 [info] > git status -z -uall [13ms]
2026-08-16 01:58:17.549 [info] > git check-ignore -v -z --stdin [14ms]
2026-08-16 01:58:17.550 [info] > git check-ignore -v -z --stdin [6ms]
2026-08-16 01:58:22.130 [info] > git config --get commit.template [5ms]
2026-08-16 01:58:22.130 [info] > git for-each-ref --format=%(refname)%00%(upstream:short)%00%(objectname)%00%(upstream:track)%00%(upstream:remotename)%00%(upstream:remoteref) refs/heads/main refs/remotes/main [0ms]
2026-08-16 01:58:22.131 [warning] [Git][getBranch] No such branch: main
2026-08-16 01:58:22.139 [info] > git for-each-ref --sort -committerdate --format %(refname)%00%(objectname)%00%(*objectname) [0ms]
2026-08-16 01:58:22.148 [info] > git status -z -uall [14ms]
2026-08-16 01:58:22.596 [info] > git check-ignore -v -z --stdin [12ms]
2026-08-16 01:58:22.597 [info] > git check-ignore -v -z --stdin [1ms]
2026-08-16 01:58:27.177 [info] > git config --get commit.template [5ms]
2026-08-16 01:58:27.177 [info] > git for-each-ref --format=%(refname)%00%(upstream:short)%00%(objectname)%00%(upstream:track)%00%(upstream:remotename)%00%(upstream:remoteref) refs/heads/main refs/remotes/main [1ms]
2026-08-16 01:58:27.177 [warning] [Git][getBranch] No such branch: main
2026-08-16 01:58:27.185 [info] > git for-each-ref --sort -committerdate --format %(refname)%00%(objectname)%00%(*objectname) [0ms]
2026-08-16 01:58:27.199 [info] > git status -z -uall [18ms]
2026-08-16 01:58:27.641 [info] > git check-ignore -v -z --stdin [12ms]
2026-08-16 01:58:27.641 [info] > git check-ignore -v -z --stdin [8ms]
2026-08-16 01:58:32.224 [info] > git config --get commit.template [4ms]
2026-08-16 01:58:32.225 [info] > git for-each-ref --format=%(refname)%00%(upstream:short)%00%(objectname)%00%(upstream:track)%00%(upstream:remotename)%00%(upstream:remoteref) refs/heads/main refs/remotes/main [1ms]
2026-08-16 01:58:32.225 [warning] [Git][getBranch] No such branch: main
2026-08-16 01:58:32.233 [info] > git for-each-ref --sort -committerdate --format %(refname)%00%(objectname)%00%(*objectname) [1ms]
2026-08-16 01:58:32.244 [info] > git status -z -uall [16ms]
2026-08-16 01:58:32.688 [info] > git check-ignore -v -z --stdin [13ms]
2026-08-16 01:58:32.689 [info] > git check-ignore -v -z --stdin [1ms]
2026-08-16 01:58:37.271 [info] > git config --get commit.template [4ms]
2026-08-16 01:58:37.271 [info] > git for-each-ref --format=%(refname)%00%(upstream:short)%00%(objectname)%00%(upstream:track)%00%(upstream:remotename)%00%(upstream:remoteref) refs/heads/main refs/remotes/main [0ms]
2026-08-16 01:58:37.271 [warning] [Git][getBranch] No such branch: main
2026-08-16 01:58:37.279 [info] > git for-each-ref --sort -committerdate --format %(refname)%00%(objectname)%00%(*objectname) [0ms]
2026-08-16 01:58:37.289 [info] > git status -z -uall [14ms]
2026-08-16 01:58:37.743 [info] > git check-ignore -v -z --stdin [12ms]
2026-08-16 01:58:37.743 [info] > git check-ignore -v -z --stdin [5ms]
2026-08-16 01:58:42.313 [info] > git config --get commit.template [4ms]
2026-08-16 01:58:42.314 [info] > git for-each-ref --format=%(refname)%00%(upstream:short)%00%(objectname)%00%(upstream:track)%00%(upstream:remotename)%00%(upstream:remoteref) refs/heads/main refs/remotes/main [1ms]
2026-08-16 01:58:42.314 [warning] [Git][getBranch] No such branch: main
2026-08-16 01:58:42.321 [info] > git for-each-ref --sort -committerdate --format %(refname)%00%(objectname)%00%(*objectname) [0ms]
2026-08-16 01:58:42.330 [info] > git status -z -uall [13ms]
2026-08-16 01:58:42.779 [info] > git check-ignore -v -z --stdin [15ms]
2026-08-16 01:58:42.779 [info] > git check-ignore -v -z --stdin [5ms]
2026-08-16 01:58:47.358 [info] > git config --get commit.template [5ms]
2026-08-16 01:58:47.358 [info] > git for-each-ref --format=%(refname)%00%(upstream:short)%00%(objectname)%00%(upstream:track)%00%(upstream:remotename)%00%(upstream:remoteref) refs/heads/main refs/remotes/main [0ms]
2026-08-16 01:58:47.358 [warning] [Git][getBranch] No such branch: main
2026-08-16 01:58:47.366 [info] > git for-each-ref --sort -committerdate --format %(refname)%00%(objectname)%00%(*objectname) [0ms]
2026-08-16 01:58:47.377 [info] > git status -z -uall [15ms]
2026-08-16 01:58:47.821 [info] > git check-ignore -v -z --stdin [5ms]
2026-08-16 01:58:47.821 [info] > git check-ignore -v -z --stdin [1ms]
2026-08-16 01:58:52.399 [info] > git config --get commit.template [0ms]
2026-08-16 01:58:52.404 [info] > git for-each-ref --format=%(refname)%00%(upstream:short)%00%(objectname)%00%(upstream:track)%00%(upstream:remotename)%00%(upstream:remoteref) refs/heads/main refs/remotes/main [0ms]
2026-08-16 01:58:52.404 [warning] [Git][getBranch] No such branch: main
2026-08-16 01:58:52.413 [info] > git for-each-ref --sort -committerdate --format %(refname)%00%(objectname)%00%(*objectname) [0ms]
2026-08-16 01:58:52.424 [info] > git status -z -uall [16ms]
2026-08-16 01:58:52.865 [info] > git check-ignore -v -z --stdin [12ms]
2026-08-16 01:58:52.865 [info] > git check-ignore -v -z --stdin [4ms]
2026-08-16 01:58:57.450 [info] > git config --get commit.template [1ms]
2026-08-16 01:58:57.454 [info] > git for-each-ref --format=%(refname)%00%(upstream:short)%00%(objectname)%00%(upstream:track)%00%(upstream:remotename)%00%(upstream:remoteref) refs/heads/main refs/remotes/main [0ms]
2026-08-16 01:58:57.460 [warning] [Git][getBranch] No such branch: main
2026-08-16 01:58:57.469 [info] > git for-each-ref --sort -committerdate --format %(refname)%00%(objectname)%00%(*objectname) [1ms]
2026-08-16 01:58:57.478 [info] > git status -z -uall [14ms]
2026-08-16 01:58:57.919 [info] > git check-ignore -v -z --stdin [13ms]
2026-08-16 01:58:57.919 [info] > git check-ignore -v -z --stdin [5ms]
2026-08-16 01:59:02.499 [info] > git config --get commit.template [1ms]
2026-08-16 01:59:02.504 [info] > git for-each-ref --format=%(refname)%00%(upstream:short)%00%(objectname)%00%(upstream:track)%00%(upstream:remotename)%00%(upstream:remoteref) refs/heads/main refs/remotes/main [1ms]
2026-08-16 01:59:02.504 [warning] [Git][getBranch] No such branch: main
2026-08-16 01:59:02.514 [info] > git for-each-ref --sort -committerdate --format %(refname)%00%(objectname)%00%(*objectname) [1ms]
2026-08-16 01:59:02.525 [info] > git status -z -uall [16ms]
2026-08-16 01:59:02.962 [info] > git check-ignore -v -z --stdin [12ms]
2026-08-16 01:59:02.962 [info] > git check-ignore -v -z --stdin [4ms]
2026-08-16 01:59:07.549 [info] > git config --get commit.template [1ms]
2026-08-16 01:59:07.554 [info] > git for-each-ref --format=%(refname)%00%(upstream:short)%00%(objectname)%00%(upstream:track)%00%(upstream:remotename)%00%(upstream:remoteref) refs/heads/main refs/remotes/main [1ms]
2026-08-16 01:59:07.554 [warning] [Git][getBranch] No such branch: main
2026-08-16 01:59:07.565 [info] > git for-each-ref --sort -committerdate --format %(refname)%00%(objectname)%00%(*objectname) [1ms]
2026-08-16 01:59:07.577 [info] > git status -z -uall [18ms]
2026-08-16 01:59:08.031 [info] > git check-ignore -v -z --stdin [16ms]
2026-08-16 01:59:08.031 [info] > git check-ignore -v -z --stdin [4ms]
2026-08-16 01:59:12.604 [info] > git config --get commit.template [5ms]
2026-08-16 01:59:12.604 [info] > git for-each-ref --format=%(refname)%00%(upstream:short)%00%(objectname)%00%(upstream:track)%00%(upstream:remotename)%00%(upstream:remoteref) refs/heads/main refs/remotes/main [1ms]
2026-08-16 01:59:12.604 [warning] [Git][getBranch] No such branch: main
2026-08-16 01:59:12.612 [info] > git for-each-ref --sort -committerdate --format %(refname)%00%(objectname)%00%(*objectname) [1ms]
2026-08-16 01:59:12.621 [info] > git status -z -uall [13ms]
2026-08-16 01:59:13.063 [info] > git check-ignore -v -z --stdin [8ms]
2026-08-16 01:59:13.063 [info] > git check-ignore -v -z --stdin [1ms]
